dataset,model,horizon_len,origin,mse_scaled,mae_scaled,dtw_scaled,tdi_scaled,total_variation_ratio,total_variation_ratio_error,high_frequency_energy_ratio,high_frequency_energy_ratio_error,target_col,input_mode,protocol,fig_path,experiment,main_seq_len
ETTh1,Chronos-2,96,11520,0.02139284906484613,0.11420091520994902,0.0719567379657773,0.037485217894524955,0.31533330938917703,1.1541250428187382,0.4394842845498337,0.8221532973080741,OT,univariate target-only,fastdtw_rolling_origin_scaled_variation_diagnostics,results/h96_w6_timesfm_variation_diagnostics/ETTh1_Chronos-2_h96_origin11520.png,main,336
ETTh1,TimesFM,96,11520,0.013884322175978339,0.09297610664119323,0.04449452617854783,0.0011524752735690236,0.34633747300387985,1.0603415948984112,0.4686475879407802,0.7579041832892169,OT,univariate target-only,fastdtw_rolling_origin_scaled_variation_diagnostics,results/h96_w6_timesfm_variation_diagnostics/ETTh1_TimesFM_h96_origin11520.png,main,336
ETTh1,DLinear,96,11520,0.08409566718576987,0.23543590999995756,0.15482726846229253,0.0019973958333333337,1.0298543858100868,0.0294174289576347,0.7268008185460322,0.31910280246898176,OT,univariate target-only,fastdtw_rolling_origin_scaled_variation_diagnostics,results/h96_w6_timesfm_variation_diagnostics/ETTh1_DLinear_h96_origin11520.png,main,336
ETTh1,PatchTST,96,11520,0.07749096775266051,0.21857244190077907,0.14763333555079516,0.0010738742835097001,0.6763783899749347,0.39100259627166517,0.5700874049093608,0.5619655704217988,OT,univariate target-only,fastdtw_rolling_origin_scaled_variation_diagnostics,results/h96_w6_timesfm_variation_diagnostics/ETTh1_PatchTST_h96_origin11520.png,main,336
ETTh1,TimeMixer,96,11520,0.07256878738734994,0.22379799322592153,0.1446785439628264,0.00119781494140625,0.6400367186287084,0.4462297157927186,0.641327874633829,0.4442144323538832,OT,univariate target-only,fastdtw_rolling_origin_scaled_variation_diagnostics,results/h96_w6_timesfm_variation_diagnostics/ETTh1_TimeMixer_h96_origin11520.png,main,336
ETTh1,iTransformer,96,11520,0.03563255635731712,0.15476741361771987,0.0963918743056708,0.021368525480367585,0.4543853540068378,0.7888096215859265,0.3049403155833245,1.1876391753425974,OT,univariate target-only,fastdtw_rolling_origin_scaled_variation_diagnostics,results/h96_w6_timesfm_variation_diagnostics/ETTh1_iTransformer_h96_origin11520.png,main,336
ETTh1,Chronos-2,96,12096,0.19325262677293253,0.39211892398695153,0.3576633488902679,0.0008837055956196582,0.3596090228172125,1.02273785763115,0.44653862909435,0.8062293446844483,OT,univariate target-only,fastdtw_rolling_origin_scaled_variation_diagnostics,,main,336
ETTh1,TimesFM,96,12096,0.1353912274334086,0.31947625676790875,0.15560611294161888,0.09944976478494623,0.24084296071014555,1.4236101316747782,0.29147952031002844,1.2327854975782648,OT,univariate target-only,fastdtw_rolling_origin_scaled_variation_diagnostics,,main,336
ETTh1,DLinear,96,12096,0.19747642032950652,0.4022337661063308,0.32251939880435687,0.00684537288647343,0.7143735799236248,0.33634921829520265,0.43244255190563646,0.838305766272006,OT,univariate target-only,fastdtw_rolling_origin_scaled_variation_diagnostics,,main,336
ETTh1,PatchTST,96,12096,0.15219762041610116,0.3492678919648779,0.2982558539198886,0.0038298932613168727,0.4931250451683509,0.7069924755070218,0.41159751808995,0.8877092806526427,OT,univariate target-only,fastdtw_rolling_origin_scaled_variation_diagnostics,,main,336
ETTh1,TimeMixer,96,12096,0.22856589903066005,0.4291117754018084,0.36986310770452624,0.0014322916666666666,0.4816196094795899,0.7306006476952285,0.3894361066351048,0.9430554408968642,OT,univariate target-only,fastdtw_rolling_origin_scaled_variation_diagnostics,,main,336
ETTh1,iTransformer,96,12096,0.21693887573715898,0.4222604067927729,0.362681597625725,0.0018276949541284403,0.3812763342423122,0.9642308537958202,0.3708336010761466,0.9920018046407478,OT,univariate target-only,fastdtw_rolling_origin_scaled_variation_diagnostics,,main,336
ETTh1,Chronos-2,96,12672,0.06560530602355485,0.22805096954107285,0.17855764264645785,0.0009142889492753624,0.3418937080778834,1.0732553560713887,0.4671018657638844,0.7612078957170246,OT,univariate target-only,fastdtw_rolling_origin_scaled_variation_diagnostics,,main,336
ETTh1,TimesFM,96,12672,0.08423345941197202,0.265938900411129,0.17585016798090053,0.030814364711934154,0.4256318320364121,0.8541805269384627,0.5746189718426775,0.5540480981014919,OT,univariate target-only,fastdtw_rolling_origin_scaled_variation_diagnostics,,main,336
ETTh1,DLinear,96,12672,0.08865842109848747,0.27065502281193204,0.1611893378638538,0.046729537791867955,0.8064815934397117,0.2150741920431693,0.6896959901688187,0.3715043579399612,OT,univariate target-only,fastdtw_rolling_origin_scaled_variation_diagnostics,,main,336
ETTh1,PatchTST,96,12672,0.11134878322656645,0.3008777499106677,0.19983073809773444,0.026732684576023392,0.5502475139852815,0.5973870583852694,0.6227400870197672,0.47362602698191425,OT,univariate target-only,fastdtw_rolling_origin_scaled_variation_diagnostics,,main,336
ETTh1,TimeMixer,96,12672,0.08675957837777691,0.2671227177248326,0.1641734734909264,0.05534826987547893,0.43064626664971756,0.8424682296691148,0.4348208533699013,0.8328211410548502,OT,univariate target-only,fastdtw_rolling_origin_scaled_variation_diagnostics,,main,336
ETTh1,iTransformer,96,12672,0.07395038346183443,0.2534892840305632,0.21684302048787135,0.001103983498980632,0.36971046499465365,0.9950350796712565,0.33142277668051134,1.104360417510633,OT,univariate target-only,fastdtw_rolling_origin_scaled_variation_diagnostics,,main,336
ETTh1,Chronos-2,96,13152,0.07491613922867997,0.1758936308324337,0.1020645271790655,0.046725089089912276,0.3578389373891406,1.0276722614303355,0.4530251711537537,0.7918075675081527,OT,univariate target-only,fastdtw_rolling_origin_scaled_variation_diagnostics,,main,336
ETTh1,TimesFM,96,13152,0.09091519929507423,0.18528288354476294,0.11356336569440538,0.008375478059581321,0.35492208816087917,1.0358569553879364,0.5632103062323373,0.5741021571321674,OT,univariate target-only,fastdtw_rolling_origin_scaled_variation_diagnostics,,main,336
ETTh1,DLinear,96,13152,0.08366792543840325,0.19095768446337535,0.11774636883740282,0.008437017746913581,0.7641607468758714,0.26897709719070306,0.6845446149464806,0.3790014428848742,OT,univariate target-only,fastdtw_rolling_origin_scaled_variation_diagnostics,,main,336
ETTh1,PatchTST,96,13152,0.07085847347011416,0.17149124890317635,0.10725609195307953,0.0038859049479166665,0.5145784524602666,0.6644072329830183,0.5814335756155489,0.5422585257291889,OT,univariate target-only,fastdtw_rolling_origin_scaled_variation_diagnostics,,main,336
ETTh1,TimeMixer,96,13152,0.06813466019830473,0.17308016241756588,0.10288257304959952,0.0146484375,0.5045382802379618,0.6841115446692057,0.5391042626192595,0.6178462710889207,OT,univariate target-only,fastdtw_rolling_origin_scaled_variation_diagnostics,,main,336
ETTh1,iTransformer,96,13152,0.062100926701753406,0.16670353038714003,0.11974633355274905,0.0029545153601694915,0.37503598068108346,0.9807332824674904,0.4280301334062866,0.8485616573609508,OT,univariate target-only,fastdtw_rolling_origin_scaled_variation_diagnostics,,main,336
ETTh1,Chronos-2,96,13728,0.1820331547724967,0.40126654009024304,0.40126654009024304,0.0,0.12375758825954518,2.0894304793411123,0.18316490494194887,1.697368357408541,OT,univariate target-only,fastdtw_rolling_origin_scaled_variation_diagnostics,,main,336
ETTh1,TimesFM,96,13728,0.22598769120596765,0.44808055212100345,0.44808055212100345,0.0,0.07513835880769446,2.588423947779771,0.06400629691810594,2.748773654882358,OT,univariate target-only,fastdtw_rolling_origin_scaled_variation_diagnostics,,main,336
ETTh1,DLinear,96,13728,0.3087597548214068,0.5324560263488382,0.5324560263488382,0.0,0.9475988441152544,0.053824015947652674,0.6752489272199194,0.3926738602167308,OT,univariate target-only,fastdtw_rolling_origin_scaled_variation_diagnostics,,main,336
ETTh1,PatchTST,96,13728,0.2299930119155766,0.44864636408482433,0.4291122239987587,8.246527777777778e-05,0.47820979233652017,0.7377057257645723,0.42296393260474335,0.8604683456383354,OT,univariate target-only,fastdtw_rolling_origin_scaled_variation_diagnostics,,main,336
ETTh1,TimeMixer,96,13728,0.3045511634979678,0.5215426597805418,0.5215426597805416,0.0,0.5184632137514482,0.656886181983431,0.3500393714764164,1.049709612324363,OT,univariate target-only,fastdtw_rolling_origin_scaled_variation_diagnostics,,main,336
ETTh1,iTransformer,96,13728,0.16400474694290565,0.37200052935310657,0.3569666909094829,0.0010546875,0.42951355305627875,0.8451019593456469,0.3104293694456843,1.1697988448760834,OT,univariate target-only,fastdtw_rolling_origin_scaled_variation_diagnostics,,main,336
ETTh1,Chronos-2,96,14304,0.08233668454333154,0.24202020838856697,0.1545298665109342,0.010277270884022709,0.20032819669770774,1.6077982239697315,0.2745405910238437,1.2926561199578301,OT,univariate target-only,fastdtw_rolling_origin_scaled_variation_diagnostics,,main,336
ETTh1,TimesFM,96,14304,0.054303190426774485,0.19739514340957007,0.10569784723479173,0.01108117816091954,0.24578366533918275,1.4033034984610147,0.3421558252730047,1.0724889870074334,OT,univariate target-only,fastdtw_rolling_origin_scaled_variation_diagnostics,,main,336
ETTh1,DLinear,96,14304,0.04560487363844645,0.1675607919746732,0.07661363599305517,0.012215757332944834,0.6700244688454788,0.40044103167426676,0.5401555392289854,0.615898126775691,OT,univariate target-only,fastdtw_rolling_origin_scaled_variation_diagnostics,,main,336
ETTh1,PatchTST,96,14304,0.08589339397463085,0.24730188780567905,0.12845132534604295,0.01170775267454955,0.4185710438944657,0.8709086211594138,0.37044383411937043,0.9930534135625193,OT,univariate target-only,fastdtw_rolling_origin_scaled_variation_diagnostics,,main,336
ETTh1,TimeMixer,96,14304,0.06788740714322743,0.21784605034165874,0.1263146510789159,0.009531158945221446,0.37932303956688784,0.9693670634363212,0.26835912144311996,1.315429152828982,OT,univariate target-only,fastdtw_rolling_origin_scaled_variation_diagnostics,,main,336
ETTh1,iTransformer,96,14304,0.03510112958609713,0.15103288394471015,0.0539895572653418,0.05504740683685446,0.47752624185784237,0.7391361428598123,0.48502752978869,0.7235496065872874,OT,univariate target-only,fastdtw_rolling_origin_scaled_variation_diagnostics,,main,336
ETTm1,Chronos-2,96,46080,0.005150309791141061,0.06264258859058221,0.026707459364505793,0.02150377690397351,0.18720656639957403,1.6755425852160966,0.18272144254996436,1.6997924029512759,OT,univariate target-only,fastdtw_rolling_origin_scaled_variation_diagnostics,results/h96_w6_timesfm_variation_diagnostics/ETTm1_Chronos-2_h96_origin46080.png,main,336
ETTm1,TimesFM,96,46080,0.008915255557194043,0.08063558675348759,0.029110138063077575,0.031667282878943756,0.1596485991201963,1.8347800719156928,0.20636933824930082,1.5780877629470034,OT,univariate target-only,fastdtw_rolling_origin_scaled_variation_diagnostics,results/h96_w6_timesfm_variation_diagnostics/ETTm1_TimesFM_h96_origin46080.png,main,336
ETTm1,DLinear,96,46080,0.0037013223144524783,0.05039369622921949,0.017211813030927357,0.004097099093774626,1.1626043561748742,0.15066263180435926,0.7061293951519662,0.3479567648686981,OT,univariate target-only,fastdtw_rolling_origin_scaled_variation_diagnostics,results/h96_w6_timesfm_variation_diagnostics/ETTm1_DLinear_h96_origin46080.png,main,336
ETTm1,PatchTST,96,46080,0.008029040144614854,0.06819527412456754,0.03137628751738994,0.009655556804556355,0.4494851998796807,0.799652329105274,0.2927047383453875,1.2285908628487905,OT,univariate target-only,fastdtw_rolling_origin_scaled_variation_diagnostics,results/h96_w6_timesfm_variation_diagnostics/ETTm1_PatchTST_h96_origin46080.png,main,336
ETTm1,TimeMixer,96,46080,0.0041309345368755876,0.04897983077061981,0.020404062739117726,0.005505751648681055,0.5431044186333042,0.6104536596138692,0.33338435187536886,1.0984592147584118,OT,univariate target-only,fastdtw_rolling_origin_scaled_variation_diagnostics,results/h96_w6_timesfm_variation_diagnostics/ETTm1_TimeMixer_h96_origin46080.png,main,336
ETTm1,iTransformer,96,46080,0.0048141463118180974,0.06059607243417118,0.021992213164103647,0.01355865036231884,0.3496655749107686,1.0507780529362318,0.22721668286211305,1.4818511227297129,OT,univariate target-only,fastdtw_rolling_origin_scaled_variation_diagnostics,results/h96_w6_timesfm_variation_diagnostics/ETTm1_iTransformer_h96_origin46080.png,main,336
ETTm1,Chronos-2,96,48384,0.04253028596114994,0.11186234839260578,0.0816550333370534,0.03339490471576227,0.03324462894904464,3.403861759495171,0.02114315834869228,3.856438435186756,OT,univariate target-only,fastdtw_rolling_origin_scaled_variation_diagnostics,,main,336
ETTm1,TimesFM,96,48384,0.07650628902607089,0.16430966183543205,0.1367184279257791,0.0015781097709551657,0.06624369713860727,2.714414805214377,0.03166098049284057,3.4526699397109843,OT,univariate target-only,fastdtw_rolling_origin_scaled_variation_diagnostics,,main,336
ETTm1,DLinear,96,48384,0.05381667447882116,0.13596852878639246,0.07169237810865406,0.045728131898454746,0.6094832945855044,0.4951437224203842,0.2950817191587509,1.2205029130172604,OT,univariate target-only,fastdtw_rolling_origin_scaled_variation_diagnostics,,main,336
ETTm1,PatchTST,96,48384,0.05148059251510204,0.12528655586667625,0.08159374731190107,0.003882489355231144,0.22560742047477048,1.4889588233989857,0.13197655144854623,2.0251309369459998,OT,univariate target-only,fastdtw_rolling_origin_scaled_variation_diagnostics,,main,336
ETTm1,TimeMixer,96,48384,0.054557275845661356,0.14916680186577622,0.07803923779603751,0.054356776778919334,0.45397707341522703,0.78970855927377,0.21618438177848678,1.5316235698221075,OT,univariate target-only,fastdtw_rolling_origin_scaled_variation_diagnostics,,main,336
ETTm1,iTransformer,96,48384,0.04250781967698211,0.1337949472828127,0.07511341823556039,0.007989654195011337,0.3176268698107548,1.1468779190255802,0.19835905325741054,1.6176764398092849,OT,univariate target-only,fastdtw_rolling_origin_scaled_variation_diagnostics,,main,336
ETTm1,Chronos-2,96,50688,0.05049824119805472,0.20496305326620737,0.11608162666189259,0.032735422653256706,0.2863746902744802,1.250454184828038,0.33357042825497996,1.0979012267676136,OT,univariate target-only,fastdtw_rolling_origin_scaled_variation_diagnostics,,main,336
ETTm1,TimesFM,96,50688,0.05613011964199203,0.21304681027928987,0.18647070394621956,0.013024852109053499,0.1501364810597784,1.8962104582321535,0.12720305394240664,2.0619705407686806,OT,univariate target-only,fastdtw_rolling_origin_scaled_variation_diagnostics,,main,336
ETTm1,DLinear,96,50688,0.03285886045904793,0.15925595389854721,0.07127522531396763,0.051566700268817205,1.0026478140551696,0.002644324744733778,0.5286857593984191,0.637361032315541,OT,univariate target-only,fastdtw_rolling_origin_scaled_variation_diagnostics,,main,336
ETTm1,PatchTST,96,50688,0.021871232993348075,0.120494775325709,0.0610226449458828,0.033158225574712645,0.338127152479301,1.0843332338992886,0.2175816666835464,1.5251809739634348,OT,univariate target-only,fastdtw_rolling_origin_scaled_variation_diagnostics,,main,336
ETTm1,TimeMixer,96,50688,0.011414634417879358,0.08478408325422714,0.03710747686045527,0.013646255304783951,0.685613615254202,0.37744103842141824,0.4144365773593826,0.8808353019742927,OT,univariate target-only,fastdtw_rolling_origin_scaled_variation_diagnostics,,main,336
ETTm1,iTransformer,96,50688,0.025335043618624875,0.12052932750610594,0.05301553775230547,0.07105420207419591,0.43723524127404867,0.8272838963005759,0.28509703665966585,1.2549256420801052,OT,univariate target-only,fastdtw_rolling_origin_scaled_variation_diagnostics,,main,336
ETTm1,Chronos-2,96,52896,0.2336540118004621,0.42774581660827,0.42774581660827,0.0,0.04654463647027299,3.0673432878819322,0.05581104511708526,2.88578330884025,OT,univariate target-only,fastdtw_rolling_origin_scaled_variation_diagnostics,,main,336
ETTm1,TimesFM,96,52896,0.19430081421072506,0.3947097510099411,0.3947097510099411,0.0,0.03963132636417935,3.2281351513243792,0.03463592522571679,3.3628635455416274,OT,univariate target-only,fastdtw_rolling_origin_scaled_variation_diagnostics,,main,336
ETTm1,DLinear,96,52896,0.3015642493198007,0.5057504722575116,0.5057504722575115,0.0,0.8849315498530045,0.12224497046402667,0.5040073730952195,0.6851643620196125,OT,univariate target-only,fastdtw_rolling_origin_scaled_variation_diagnostics,,main,336
ETTm1,PatchTST,96,52896,0.23865639254047433,0.4311482997507898,0.3750021773927067,0.0026692708333333334,0.3249947766604726,1.1239461378257583,0.20060055827503231,1.6064395705817824,OT,univariate target-only,fastdtw_rolling_origin_scaled_variation_diagnostics,,main,336
ETTm1,TimeMixer,96,52896,0.23925718538599075,0.4399242285781033,0.43530248477048,7.830398052691866e-06,0.2793493171450546,1.2752922117247534,0.2021691280926496,1.5986506146451518,OT,univariate target-only,fastdtw_rolling_origin_scaled_variation_diagnostics,,main,336
ETTm1,iTransformer,96,52896,0.20942400265784555,0.40310097821920193,0.3989425516419928,2.2372565864833907e-06,0.1722983103393935,1.7585278839612748,0.11348625803261554,2.1760734358769156,OT,univariate target-only,fastdtw_rolling_origin_scaled_variation_diagnostics,,main,336
ETTm1,Chronos-2,96,55200,0.04890218098261349,0.16752012570699057,0.11064862613136886,0.12467909648345153,0.055533968537092276,2.8907602196700095,0.04614512596850204,3.075963719719972,OT,univariate target-only,fastdtw_rolling_origin_scaled_variation_diagnostics,,main,336
ETTm1,TimesFM,96,55200,0.03063326401559774,0.1384880468249321,0.06887195845070125,0.1473421940513627,0.09928860229735098,2.3097243942922248,0.06522905164502091,2.7298501786061182,OT,univariate target-only,fastdtw_rolling_origin_scaled_variation_diagnostics,,main,336
ETTm1,DLinear,96,55200,0.0513186549828934,0.1786438617392215,0.10036034037345669,0.11870385021097046,0.9221882205602878,0.08100592164155923,0.6496879495291438,0.43126309362208964,OT,univariate target-only,fastdtw_rolling_origin_scaled_variation_diagnostics,,main,336
ETTm1,PatchTST,96,55200,0.07047311019077758,0.21713334895864858,0.1266267451737103,0.11553902911324787,0.39903238815639624,0.9187126670017262,0.24815338197970532,1.3937082079721692,OT,univariate target-only,fastdtw_rolling_origin_scaled_variation_diagnostics,,main,336
ETTm1,TimeMixer,96,55200,0.044014882475280515,0.1611741287939761,0.06745903780193252,0.1343662129345603,1.0404701851666842,0.039672721719212246,0.6041260521174928,0.5039723907096111,OT,univariate target-only,fastdtw_rolling_origin_scaled_variation_diagnostics,,main,336
ETTm1,iTransformer,96,55200,0.06403455426669298,0.20774070781191223,0.1183398832493725,0.053996482090643276,0.5082812224745737,0.6767203773541934,0.3506571038187644,1.047946416685359,OT,univariate target-only,fastdtw_rolling_origin_scaled_variation_diagnostics,,main,336
ETTm1,Chronos-2,96,57504,0.10025472503288164,0.26929883907238644,0.26929883907238644,0.0,0.063914004031764,2.7502166297228023,0.05050248675140291,2.98573250330113,OT,univariate target-only,fastdtw_rolling_origin_scaled_variation_diagnostics,,main,336
ETTm1,TimesFM,96,57504,0.08821771376987424,0.25201116998990375,0.22866685617537724,0.0030164930555555557,0.06178122210507404,2.7841556482610765,0.06783929679854259,2.6906135057325558,OT,univariate target-only,fastdtw_rolling_origin_scaled_variation_diagnostics,,main,336
ETTm1,DLinear,96,57504,0.0675987420063143,0.20579616075553123,0.09284937493125262,0.13488008659383469,1.216679945823887,0.19612580146161496,0.7613790857334155,0.27262389044949187,OT,univariate target-only,fastdtw_rolling_origin_scaled_variation_diagnostics,,main,336
ETTm1,PatchTST,96,57504,0.09495171464763306,0.2584958781218037,0.16371421921745807,0.11488961534672971,0.36788688233366446,0.9999797458462475,0.28719946971112165,1.2475782534005109,OT,univariate target-only,fastdtw_rolling_origin_scaled_variation_diagnostics,,main,336
ETTm1,TimeMixer,96,57504,0.10415025906362513,0.2780509129244231,0.2441752888999672,0.0026353121784979425,0.5231926085119218,0.647805587287445,0.36656761579887326,1.0035722568080734,OT,univariate target-only,fastdtw_rolling_origin_scaled_variation_diagnostics,,main,336
ETTm1,iTransformer,96,57504,0.1267708170914749,0.312607702791129,0.3029870699008463,0.00037593820145903476,0.3543082725758663,1.037587890088256,0.2452830494725884,1.4053423905485076,OT,univariate target-only,fastdtw_rolling_origin_scaled_variation_diagnostics,,main,336
ETTm2,Chronos-2,96,46080,0.013778757763221627,0.08103780581344229,0.03826629468278975,0.0011643980508870215,0.7668469103625276,0.26546807985151655,0.7198997841426066,0.3286432514596827,OT,univariate target-only,fastdtw_rolling_origin_scaled_variation_diagnostics,results/h96_w6_timesfm_variation_diagnostics/ETTm2_Chronos-2_h96_origin46080.png,main,336
ETTm2,TimesFM,96,46080,0.045193045532530285,0.15069523691757544,0.06748787652607312,0.0027393954705638474,0.6306928236831477,0.4609363278582206,0.5614675125737011,0.5772013469507272,OT,univariate target-only,fastdtw_rolling_origin_scaled_variation_diagnostics,results/h96_w6_timesfm_variation_diagnostics/ETTm2_TimesFM_h96_origin46080.png,main,336
ETTm2,DLinear,96,46080,0.040944730291098894,0.17086347984943426,0.0662488050047287,0.005686512212643678,1.501349664232863,0.4063644863681701,1.2533407762304396,0.22581261517647042,OT,univariate target-only,fastdtw_rolling_origin_scaled_variation_diagnostics,results/h96_w6_timesfm_variation_diagnostics/ETTm2_DLinear_h96_origin46080.png,main,336
ETTm2,PatchTST,96,46080,0.02929074857636486,0.1171608319118021,0.05087157449577721,0.002194691555150041,0.8453894966076781,0.16795780326658274,0.785000085471847,0.24207143957954874,OT,univariate target-only,fastdtw_rolling_origin_scaled_variation_diagnostics,results/h96_w6_timesfm_variation_diagnostics/ETTm2_PatchTST_h96_origin46080.png,main,336
ETTm2,TimeMixer,96,46080,0.04470087853312508,0.16335135458828795,0.0713677365266707,0.006012834821428571,0.996526290953474,0.0034797463474559452,0.8106210843613758,0.20995454198147712,OT,univariate target-only,fastdtw_rolling_origin_scaled_variation_diagnostics,results/h96_w6_timesfm_variation_diagnostics/ETTm2_TimeMixer_h96_origin46080.png,main,336
ETTm2,iTransformer,96,46080,0.18093414464556692,0.36056185810962704,0.1777293342413657,0.008717804208126036,1.19197573025193,0.17561221629840781,0.925633745260973,0.07727663524886103,OT,univariate target-only,fastdtw_rolling_origin_scaled_variation_diagnostics,results/h96_w6_timesfm_variation_diagnostics/ETTm2_iTransformer_h96_origin46080.png,main,336
ETTm2,Chronos-2,96,48384,0.022003056342074445,0.10941583911577861,0.0716003204963004,0.030561948212747634,0.2831813263532349,1.2616678220417552,0.10327438508950486,2.2703658029955247,OT,univariate target-only,fastdtw_rolling_origin_scaled_variation_diagnostics,,main,336
ETTm2,TimesFM,96,48384,0.026640713037783963,0.14105372953539094,0.05441613870345994,0.03733357477924945,0.7699990629727909,0.26136596806657264,0.22219177530085202,1.5042143723031591,OT,univariate target-only,fastdtw_rolling_origin_scaled_variation_diagnostics,,main,336
ETTm2,DLinear,96,48384,0.04614150104646068,0.19331654121450645,0.10057672117545216,0.13521724849849848,4.375780802961832,1.476084975419561,1.1149062154212117,0.10877029861400139,OT,univariate target-only,fastdtw_rolling_origin_scaled_variation_diagnostics,,main,336
ETTm2,PatchTST,96,48384,0.053398258994248875,0.18656754553174268,0.11243729398528197,0.029575892857142856,1.5002292784580746,0.40561795539847184,0.44183956155934995,0.8168084230634259,OT,univariate target-only,fastdtw_rolling_origin_scaled_variation_diagnostics,,main,336
ETTm2,TimeMixer,96,48384,0.05735963421029731,0.1938902998384665,0.1233250095126727,0.023421518357019812,2.019903896713458,0.7030499393476489,0.6044467884579465,0.5034416219683195,OT,univariate target-only,fastdtw_rolling_origin_scaled_variation_diagnostics,,main,336
ETTm2,iTransformer,96,48384,0.08505952864934135,0.2619645218372982,0.15479234390216862,0.04733358044403893,1.8223868380059018,0.6001470968310855,0.49862013455535464,0.6959107064718552,OT,univariate target-only,fastdtw_rolling_origin_scaled_variation_diagnostics,,main,336
ETTm2,Chronos-2,96,50688,0.05651344734699167,0.20268993095184365,0.09375847683107252,0.007583776728617107,0.5759483390992862,0.5517372940096213,0.5364231406575886,0.6228319691890437,OT,univariate target-only,fastdtw_rolling_origin_scaled_variation_diagnostics,,main,336
ETTm2,TimesFM,96,50688,0.06096784680018097,0.1976081351749599,0.11375054159692226,0.0035434557888040716,0.5284002148071866,0.6379012808851803,0.45934596058592553,0.7779516042941546,OT,univariate target-only,fastdtw_rolling_origin_scaled_variation_diagnostics,,main,336
ETTm2,DLinear,96,50688,0.06946844845837247,0.22046260034850237,0.09296765323471258,0.00828079312865497,1.2705352410252801,0.2394382691824543,1.0241753959853581,0.02388780685559475,OT,univariate target-only,fastdtw_rolling_origin_scaled_variation_diagnostics,,main,336
ETTm2,PatchTST,96,50688,0.03720120568827629,0.1596287521668377,0.07807676374732962,0.002303494751908397,0.7190365787296373,0.3298430341975316,0.5980404445208479,0.5140968776192284,OT,univariate target-only,fastdtw_rolling_origin_scaled_variation_diagnostics,,main,336
ETTm2,TimeMixer,96,50688,0.08631782844163342,0.23522348267316362,0.08675685749499164,0.008035896650326798,1.2961966524843127,0.2594343321619305,1.0565674212232812,0.05502538114209571,OT,univariate target-only,fastdtw_rolling_origin_scaled_variation_diagnostics,,main,336
ETTm2,iTransformer,96,50688,0.11972147646687696,0.2997341129505852,0.171105754153693,0.004491856181085666,0.7404094697683498,0.30055189478784206,0.6427846225171825,0.4419455525029058,OT,univariate target-only,fastdtw_rolling_origin_scaled_variation_diagnostics,,main,336
ETTm2,Chronos-2,96,52896,0.1261028318050003,0.3276503272354603,0.14266512742856655,0.18397815569952575,0.43401009869097207,0.8346874532383024,0.34051596654890764,1.077293233644838,OT,univariate target-only,fastdtw_rolling_origin_scaled_variation_diagnostics,,main,336
ETTm2,TimesFM,96,52896,0.3101735185220821,0.49674601790805656,0.40331791033004893,0.007269965277777778,0.5478201494214603,0.6018082221339386,0.35084277026764754,1.0474170753275522,OT,univariate target-only,fastdtw_rolling_origin_scaled_variation_diagnostics,,main,336
ETTm2,DLinear,96,52896,0.4104451805684888,0.5678241991305587,0.4540495616727157,0.007801371082621082,2.9231961138358167,1.0726775806403896,1.6962766318075788,0.5284356383413612,OT,univariate target-only,fastdtw_rolling_origin_scaled_variation_diagnostics,,main,336
ETTm2,PatchTST,96,52896,0.43592955934251676,0.5864647643023718,0.47221600592423413,0.008751038698955365,1.4133966162813005,0.3459957623192426,0.7871229017676025,0.23937086516375597,OT,univariate target-only,fastdtw_rolling_origin_scaled_variation_diagnostics,,main,336
ETTm2,TimeMixer,96,52896,0.4278907015356208,0.5911496895108798,0.4767893815412507,0.006028683249521073,2.280318083326881,0.8243149478521432,1.3038829557090057,0.2653467092535137,OT,univariate target-only,fastdtw_rolling_origin_scaled_variation_diagnostics,,main,336
ETTm2,iTransformer,96,52896,0.43872619415325076,0.5573469464840893,0.500792243166877,0.0007503357573375262,1.829285196421402,0.6039252929662902,1.1052515905586184,0.100073001864871,OT,univariate target-only,fastdtw_rolling_origin_scaled_variation_diagnostics,,main,336
ETTm2,Chronos-2,96,55200,0.018529303757158555,0.09042429799834888,0.05503111041110495,0.0243031967089372,0.26954878634760165,1.311005842508632,0.2411954149184047,1.4221477823089819,OT,univariate target-only,fastdtw_rolling_origin_scaled_variation_diagnostics,,main,336
ETTm2,TimesFM,96,55200,0.02376919793549659,0.10831709826985995,0.059147111007145474,0.1519421333874459,0.15294122911217164,1.8777014894492798,0.12008576185273115,2.1195490260838246,OT,univariate target-only,fastdtw_rolling_origin_scaled_variation_diagnostics,,main,336
ETTm2,DLinear,96,55200,0.05433748206707557,0.1875327252968814,0.09072813434069876,0.08696189121893275,3.521932924705127,1.2590099680713445,1.6924144445248832,0.5261561806715965,OT,univariate target-only,fastdtw_rolling_origin_scaled_variation_diagnostics,,main,336
ETTm2,PatchTST,96,55200,0.06366375211440727,0.19950796596814765,0.09183151230365309,0.07960111719877344,1.1642090263970832,0.15204191771945066,0.5540704551973835,0.590463406826178,OT,univariate target-only,fastdtw_rolling_origin_scaled_variation_diagnostics,,main,336
ETTm2,TimeMixer,96,55200,0.0791246004362428,0.23082277784568536,0.11273176084308975,0.09811294062060477,2.0672139999797383,0.7262018118566602,0.9662132362109194,0.03437071736056792,OT,univariate target-only,fastdtw_rolling_origin_scaled_variation_diagnostics,,main,336
ETTm2,iTransformer,96,55200,0.10515202921180407,0.2462896152883246,0.11243212260837708,0.08073122692510548,1.7854020380726763,0.579643626885059,0.8656677515757536,0.14425409117225624,OT,univariate target-only,fastdtw_rolling_origin_scaled_variation_diagnostics,,main,336
ETTm2,Chronos-2,96,57504,0.04519291515401876,0.17737586299578348,0.17737586299578348,0.0,0.34753374570656487,1.056893479971023,0.15688106825890483,1.8522672239731939,OT,univariate target-only,fastdtw_rolling_origin_scaled_variation_diagnostics,,main,336
ETTm2,TimesFM,96,57504,0.030272443643634944,0.14842703069249788,0.07226169792709837,0.15322839260438784,0.5661283243732519,0.5689344873050393,0.23422500456665268,1.4514730249540335,OT,univariate target-only,fastdtw_rolling_origin_scaled_variation_diagnostics,,main,336
ETTm2,DLinear,96,57504,0.03493087946313584,0.1656053886671749,0.10634136675248837,0.02520725667527993,10.021139350009221,2.3046967977761423,3.328574714496925,1.2025442017080605,OT,univariate target-only,fastdtw_rolling_origin_scaled_variation_diagnostics,,main,336
ETTm2,PatchTST,96,57504,0.049249899318385804,0.16304352122838087,0.1513163994129048,0.0004084967320261438,3.3563912157801647,1.2108663568345066,1.1303265003425522,0.1225065381928434,OT,univariate target-only,fastdtw_rolling_origin_scaled_variation_diagnostics,,main,336
ETTm2,TimeMixer,96,57504,0.04018220279469387,0.14797423385377376,0.13603966072836335,0.0005957448584401709,4.608512031533218,1.5279050373446026,1.6419530323736045,0.49588641279768386,OT,univariate target-only,fastdtw_rolling_origin_scaled_variation_diagnostics,,main,336
ETTm2,iTransformer,96,57504,0.08356264612089985,0.2559760938412945,0.16167339952600537,0.040901573905109484,4.033682116874319,1.3946796379330362,1.5152254229828361,0.41556422854035074,OT,univariate target-only,fastdtw_rolling_origin_scaled_variation_diagnostics,,main,336
Weather,Chronos-2,96,42063,0.0008737341619446118,0.025875956588379267,0.015023317654966787,0.024824402142018778,0.16674893355986942,1.7912659296795201,0.12286137478254748,2.0966985120861454,OT,univariate target-only,fastdtw_rolling_origin_scaled_variation_diagnostics,results/h96_w6_timesfm_variation_diagnostics/Weather_Chronos-2_h96_origin42063.png,main,336
Weather,TimesFM,96,42063,0.0013104032484878819,0.032212232658594075,0.01853094389471702,0.03860735342095451,0.12846081787412875,2.05213126256693,0.0925372980049242,2.3801433859963863,OT,univariate target-only,fastdtw_rolling_origin_scaled_variation_diagnostics,results/h96_w6_timesfm_variation_diagnostics/Weather_TimesFM_h96_origin42063.png,main,336
Weather,DLinear,96,42063,0.002242760931356866,0.03585403108710188,0.0159904452188465,0.057197895233196155,1.3684361001529464,0.31366856236780966,0.9193398125992335,0.08409945065704583,OT,univariate target-only,fastdtw_rolling_origin_scaled_variation_diagnostics,results/h96_w6_timesfm_variation_diagnostics/Weather_DLinear_h96_origin42063.png,main,336
Weather,PatchTST,96,42063,0.0014923940331591134,0.027633475601347577,0.006286985199272763,0.02797309027777778,0.9724923295125184,0.027893080628510446,0.7476772069752634,0.29078392225064487,OT,univariate target-only,fastdtw_rolling_origin_scaled_variation_diagnostics,results/h96_w6_timesfm_variation_diagnostics/Weather_PatchTST_h96_origin42063.png,main,336
Weather,TimeMixer,96,42063,0.0010793898252670366,0.025669103370828634,0.008177609694995962,0.018091825709013208,1.182314524208612,0.16747398697605936,0.7921117985968583,0.23305272466082594,OT,univariate target-only,fastdtw_rolling_origin_scaled_variation_diagnostics,results/h96_w6_timesfm_variation_diagnostics/Weather_TimeMixer_h96_origin42063.png,main,336
Weather,iTransformer,96,42063,0.0021168536416744013,0.03628906604562398,0.02733867967961411,0.008489583333333333,0.3582118687501381,1.0266306275655233,0.25250118875274347,1.3763392827423744,OT,univariate target-only,fastdtw_rolling_origin_scaled_variation_diagnostics,results/h96_w6_timesfm_variation_diagnostics/Weather_iTransformer_h96_origin42063.png,main,336
Weather,Chronos-2,96,44175,3.092883073907301e-05,0.004660851351218298,0.00252042765312485,0.020983244243421052,0.08592548162111881,2.454274734748277,0.05922160849200301,2.826468626523373,OT,univariate target-only,fastdtw_rolling_origin_scaled_variation_diagnostics,,main,336
Weather,TimesFM,96,44175,4.377576553921104e-05,0.005318921146681532,0.003967282644732565,0.031661792748178506,0.09741980131919739,2.3287256873824855,0.07694257411829229,2.564695796073143,OT,univariate target-only,fastdtw_rolling_origin_scaled_variation_diagnostics,,main,336
Weather,DLinear,96,44175,5.806154018768272e-05,0.006021865019492578,0.0023390043875946964,0.07189165138015374,3.2393856637652436,1.1753837049640052,1.81844143069392,0.5979797829434147,OT,univariate target-only,fastdtw_rolling_origin_scaled_variation_diagnostics,,main,336
Weather,PatchTST,96,44175,2.684197405324557e-05,0.004084601297104009,0.002305312653217375,0.003263673414105595,0.741089414820291,0.2996339796984999,0.4514840266969513,0.7952152629030722,OT,univariate target-only,fastdtw_rolling_origin_scaled_variation_diagnostics,,main,336
Weather,TimeMixer,96,44175,0.00018104110928870068,0.01167005318956917,0.0035089788004514662,0.09837634154040403,2.209633291035387,0.7928265746289227,1.2710821778731394,0.23986865406094235,OT,univariate target-only,fastdtw_rolling_origin_scaled_variation_diagnostics,,main,336
Weather,iTransformer,96,44175,0.00024699953340267486,0.01473823006673826,0.01272075279933994,0.00241004873853211,1.3736185688592906,0.31744855617891404,0.8297645221185546,0.18661331468359038,OT,univariate target-only,fastdtw_rolling_origin_scaled_variation_diagnostics,,main,336
Weather,Chronos-2,96,46191,1.5711913110731662e-05,0.003142333841727426,0.0012707795288895262,0.0472728587962963,0.21138882756888758,1.5540560093578468,0.16576218717712976,1.7972010648279595,OT,univariate target-only,fastdtw_rolling_origin_scaled_variation_diagnostics,,main,336
Weather,TimesFM,96,46191,3.713553929532283e-05,0.00460817530984059,0.0015829683262978168,0.03751465921633554,0.25210873793091576,1.3778947451486692,0.13709580849021855,1.987075192585642,OT,univariate target-only,fastdtw_rolling_origin_scaled_variation_diagnostics,,main,336
Weather,DLinear,96,46191,0.00013605198832951332,0.009884606884863116,0.0044852776083614794,0.0826830150462963,3.752509082961737,1.322424707696891,2.3235087499052653,0.8430784396693226,OT,univariate target-only,fastdtw_rolling_origin_scaled_variation_diagnostics,,main,336
Weather,PatchTST,96,46191,0.00013975781419910417,0.009410295519886985,0.004417121481155011,0.061292512464387466,0.9032210435226011,0.10178795649519343,0.6290163865607248,0.46359795495734274,OT,univariate target-only,fastdtw_rolling_origin_scaled_variation_diagnostics,,main,336
Weather,TimeMixer,96,46191,0.0004016160924012781,0.018690687684866366,0.015586772829115497,0.005822560143849206,2.88491495700604,1.059495425351008,1.9810023554256095,0.6836029617720409,OT,univariate target-only,fastdtw_rolling_origin_scaled_variation_diagnostics,,main,336
Weather,iTransformer,96,46191,0.0003738295597271588,0.01894711430840701,0.018947114308407,0.0,1.048135494073425,0.04701287532059865,0.6653146399908939,0.4074951923491322,OT,univariate target-only,fastdtw_rolling_origin_scaled_variation_diagnostics,,main,336
Weather,Chronos-2,96,48303,0.0007783803455816942,0.026541176019236445,0.00927557114730863,0.1611608966503268,0.44227268877567005,0.8158286215936271,0.6203592931817201,0.47745644753975847,OT,univariate target-only,fastdtw_rolling_origin_scaled_variation_diagnostics,,main,336
Weather,TimesFM,96,48303,0.000992181786435702,0.026463639534388978,0.025334707573056222,0.00015299479166666665,0.29229442347671036,1.2299936509165768,0.2861278103449,1.2513166437203282,OT,univariate target-only,fastdtw_rolling_origin_scaled_variation_diagnostics,,main,336
Weather,DLinear,96,48303,0.0009429422319093897,0.02809387443052236,0.016794800739168326,0.0990552969858156,2.6567480173417097,0.9771028287623311,1.4234983416813656,0.353117469801576,OT,univariate target-only,fastdtw_rolling_origin_scaled_variation_diagnostics,,main,336
Weather,PatchTST,96,48303,0.000656125543513178,0.023213533848203044,0.008331666768157907,0.14778122908299865,0.5780506825895771,0.5480937107133065,0.4039037269955928,0.9065787041763127,OT,univariate target-only,fastdtw_rolling_origin_scaled_variation_diagnostics,,main,336
Weather,TimeMixer,96,48303,0.00029137508855593984,0.014257219748769284,0.009074198433966271,0.013517430809002433,2.3245762601515296,0.8435377730326886,1.1219765118315381,0.1150918815977336,OT,univariate target-only,fastdtw_rolling_origin_scaled_variation_diagnostics,,main,336
Weather,iTransformer,96,48303,0.0002988689793471724,0.014479586616727247,0.01186793168542094,0.004677121074879227,1.2405702286532465,0.21557114379084846,0.7587261150514008,0.2761144032631026,OT,univariate target-only,fastdtw_rolling_origin_scaled_variation_diagnostics,,main,336
Weather,Chronos-2,96,50319,0.00031086674707730776,0.01670135142436872,0.005266699869232842,0.09219725188994374,0.2294039006298287,1.4722710272228021,0.18978683491864923,1.6618537054367768,OT,univariate target-only,fastdtw_rolling_origin_scaled_variation_diagnostics,,main,336
Weather,TimesFM,96,50319,0.00014658580441402483,0.01023312273900956,0.007046345332565234,0.019066941214470286,0.1082355151755225,2.2234456376637515,0.10146173554519444,2.2880734427219767,OT,univariate target-only,fastdtw_rolling_origin_scaled_variation_diagnostics,,main,336
Weather,DLinear,96,50319,0.0001745438079504142,0.010481889939838307,0.0052446623291465665,0.01525400199142157,3.2694558136241807,1.1846235562668552,1.6433250365624381,0.4967216567140008,OT,univariate target-only,fastdtw_rolling_origin_scaled_variation_diagnostics,,main,336
Weather,PatchTST,96,50319,5.7500627927413796e-05,0.005907522198889584,0.0029485580944242757,0.005082614942528736,0.5100575346393534,0.6732317270027043,0.2636043630276436,1.3333058868569316,OT,univariate target-only,fastdtw_rolling_origin_scaled_variation_diagnostics,,main,336
Weather,TimeMixer,96,50319,0.0006952034810835017,0.023914255663238137,0.00739817963392441,0.20776560949900794,3.128432414383458,1.1405320562177101,1.6454106705309348,0.4979900068772039,OT,univariate target-only,fastdtw_rolling_origin_scaled_variation_diagnostics,,main,336
Weather,iTransformer,96,50319,0.0009852181239229873,0.028706414825387185,0.027345696914725975,0.0013856336805555555,2.5417016315419896,0.9328337943373738,1.2805509216599362,0.2472904006887308,OT,univariate target-only,fastdtw_rolling_origin_scaled_variation_diagnostics,,main,336
Weather,Chronos-2,96,52431,8.947509065381001e-05,0.007903700151170293,0.004370440299121233,0.03439670138888889,0.09972974786963039,2.305291172430223,0.1224671854370066,2.0999120772110964,OT,univariate target-only,fastdtw_rolling_origin_scaled_variation_diagnostics,,main,336
Weather,TimesFM,96,52431,0.0002047863860209631,0.01146392811400195,0.0041791614145040516,0.07769352532679738,0.0843641349592838,2.472612790400279,0.11055522603351456,2.2022400093130545,OT,univariate target-only,fastdtw_rolling_origin_scaled_variation_diagnostics,,main,336
Weather,DLinear,96,52431,0.00013582172018675065,0.009276150125821175,0.005071590449454281,0.024852707594562647,1.7302576000673857,0.5482703049774604,0.9185498956384059,0.08495904195605584,OT,univariate target-only,fastdtw_rolling_origin_scaled_variation_diagnostics,,main,336
Weather,PatchTST,96,52431,7.943150207791729e-05,0.006075043232270566,0.00229727049909142,0.023173341714559384,0.25760733435309213,1.3563187744708909,0.15872218077088962,1.8405998328008515,OT,univariate target-only,fastdtw_rolling_origin_scaled_variation_diagnostics,,main,336
Weather,TimeMixer,96,52431,8.433778162634225e-05,0.007735725770870686,0.00396888415761295,0.011234269948690728,1.2867033712093545,0.2520834290201946,0.7348378724289709,0.3081053722218755,OT,univariate target-only,fastdtw_rolling_origin_scaled_variation_diagnostics,,main,336
Weather,iTransformer,96,52431,0.00010069678430348712,0.008732940935975824,0.0051411223151540805,0.059027018987956495,0.4996604015022747,0.6938265883005753,0.3012991980841567,1.199651461179383,OT,univariate target-only,fastdtw_rolling_origin_scaled_variation_diagnostics,,main,336
ESNet,Chronos-2,4321,51808,1.3221661685062027,0.18779933051411143,0.16489010644467858,0.001289593516650182,0.001304779639074289,6.641713447312626,0.0008073002975146982,7.121802456145215,ifHCOutOctets_to_bps,univariate target-only,fastdtw_rolling_origin_scaled_variation_diagnostics,results/h96_w6_timesfm_variation_diagnostics/ESNet_Chronos-2_h4321_origin51808.png,main,336
ESNet,DLinear,4321,51808,1.3216419671063084,0.1862875756695606,0.13579843497263486,0.0028186051357990878,0.0033360275850346606,5.702971528051902,0.0008682499476206082,7.04901940931317,ifHCOutOctets_to_bps,univariate target-only,fastdtw_rolling_origin_scaled_variation_diagnostics,results/h96_w6_timesfm_variation_diagnostics/ESNet_DLinear_h4321_origin51808.png,main,336
ESNet,PatchTST,4321,51808,1.3253899000358658,0.19743680176004486,0.18051019896537007,1.4674245694481162e-05,0.04096578460856716,3.1950178383210908,0.010510079958619668,4.555419534794069,ifHCOutOctets_to_bps,univariate target-only,fastdtw_rolling_origin_scaled_variation_diagnostics,results/h96_w6_timesfm_variation_diagnostics/ESNet_PatchTST_h4321_origin51808.png,main,336
ESNet,TimeMixer,4321,51808,1.3053915013925468,0.23371571200731645,0.225134348779408,9.303190217136542e-05,0.04296576660048859,3.147351373191463,0.011003330405333963,4.509556379070966,ifHCOutOctets_to_bps,univariate target-only,fastdtw_rolling_origin_scaled_variation_diagnostics,results/h96_w6_timesfm_variation_diagnostics/ESNet_TimeMixer_h4321_origin51808.png,main,336
ESNet,iTransformer,4321,51808,1.2902342298616656,0.3088471183962006,0.30194162665985075,0.00017051329113462364,0.036547281158793146,3.309148208835389,0.009533658258037456,4.652925718479582,ifHCOutOctets_to_bps,univariate target-only,fastdtw_rolling_origin_scaled_variation_diagnostics,results/h96_w6_timesfm_variation_diagnostics/ESNet_iTransformer_h4321_origin51808.png,main,336
ESNet,Chronos-2,4321,56129,1.6131793077684655,0.2242075211250604,0.22317442215766276,4.4097426137981505e-06,0.0010029431671154207,6.904806463898643,0.0005091911402347306,7.58266745201658,ifHCOutOctets_to_bps,univariate target-only,fastdtw_rolling_origin_scaled_variation_diagnostics,,main,336
ESNet,DLinear,4321,56129,1.6109692248238041,0.22025756650425102,0.16262108386509352,0.001970076202366281,0.0016163711975225802,6.427565457144748,0.00046768367258091543,7.667697022122504,ifHCOutOctets_to_bps,univariate target-only,fastdtw_rolling_origin_scaled_variation_diagnostics,,main,336
ESNet,PatchTST,4321,56129,1.608746576544508,0.22699389526822988,0.19259934771101375,0.0005416654899503146,0.019981991891126993,3.9129233160297874,0.005891222777403767,5.134290003150294,ifHCOutOctets_to_bps,univariate target-only,fastdtw_rolling_origin_scaled_variation_diagnostics,,main,336
ESNet,TimeMixer,4321,56129,1.6041747812452802,0.23536530876076167,0.2204067957785826,3.16052936008704e-05,0.016380324670863734,4.111673769089275,0.004703418183280762,5.359463635451497,ifHCOutOctets_to_bps,univariate target-only,fastdtw_rolling_origin_scaled_variation_diagnostics,,main,336
ESNet,iTransformer,4321,56129,1.6131220627084484,0.22647350865789875,0.21550333356764223,2.1809991507641233e-06,0.014506269265673883,4.233173670490817,0.004158525196830665,5.482592382862887,ifHCOutOctets_to_bps,univariate target-only,fastdtw_rolling_origin_scaled_variation_diagnostics,,main,336
ESNet,Chronos-2,4321,60450,1.5014870325782994,0.20778463691390242,0.1373061456704606,0.04403052701583149,0.0013511940131767436,6.606759222391655,0.0007582880241144045,7.184434077938737,ifHCOutOctets_to_bps,univariate target-only,fastdtw_rolling_origin_scaled_variation_diagnostics,,main,336
ESNet,DLinear,4321,60450,1.5005317286345037,0.20534260648281405,0.1587895688984456,0.0025890844689984913,0.003372476542882219,5.692104960140222,0.0008284434118106882,7.095949954651348,ifHCOutOctets_to_bps,univariate target-only,fastdtw_rolling_origin_scaled_variation_diagnostics,,main,336
ESNet,PatchTST,4321,60450,1.5039877681404819,0.21881940581494153,0.1942232148956117,0.00020093843943700686,0.05513332140747553,2.8980008199915717,0.013249487002813627,4.323795689322284,ifHCOutOctets_to_bps,univariate target-only,fastdtw_rolling_origin_scaled_variation_diagnostics,,main,336
ESNet,TimeMixer,4321,60450,1.4919222696854377,0.22520757060140567,0.21284806738524262,2.8616859731292493e-05,0.033172596987719113,3.4060308343657533,0.008175119822917519,4.806658681845707,ifHCOutOctets_to_bps,univariate target-only,fastdtw_rolling_origin_scaled_variation_diagnostics,,main,336
ESNet,iTransformer,4321,60450,1.469016916563259,0.3011776632063634,0.29860968235053775,6.5878772593608604e-06,0.04452730892160817,3.1116523698238403,0.010928776106768325,4.516355043641317,ifHCOutOctets_to_bps,univariate target-only,fastdtw_rolling_origin_scaled_variation_diagnostics,,main,336
ETTh1,Chronos-2,336,11520,0.06255461029955656,0.19317950343801862,0.10254187252547337,0.03351049072607382,0.27335582557718535,1.2969809054981025,0.3821828270908489,0.9618561537550271,OT,univariate target-only,fastdtw_rolling_origin_scaled_variation_diagnostics,results/h336_w6_timesfm_variation_diagnostics/ETTh1_Chronos-2_h336_origin11520.png,main,336
ETTh1,TimesFM,336,11520,0.06269918847402096,0.1869555213266895,0.1005170215485674,0.0030364161921081563,0.298625381018693,1.2085653639399743,0.40359015408285315,0.9073553612583861,OT,univariate target-only,fastdtw_rolling_origin_scaled_variation_diagnostics,results/h336_w6_timesfm_variation_diagnostics/ETTh1_TimesFM_h336_origin11520.png,main,336
ETTh1,DLinear,336,11520,0.07220073556363292,0.21886293813758304,0.08393189065568399,0.15018223775017253,0.9345009449377762,0.06774263021676202,0.5314554087632614,0.6321359628681288,OT,univariate target-only,fastdtw_rolling_origin_scaled_variation_diagnostics,results/h336_w6_timesfm_variation_diagnostics/ETTh1_DLinear_h336_origin11520.png,main,336
ETTh1,PatchTST,336,11520,0.06834355428464758,0.2169186773570819,0.08170798723171618,0.021905148778261305,0.583116048797018,0.5393690407507865,0.4625905243023038,0.7709129913433388,OT,univariate target-only,fastdtw_rolling_origin_scaled_variation_diagnostics,results/h336_w6_timesfm_variation_diagnostics/ETTh1_PatchTST_h336_origin11520.png,main,336
ETTh1,TimeMixer,336,11520,0.08091957373321483,0.2307462697433499,0.09520385644179086,0.025908118407913627,0.6863015042955264,0.3764382226070267,0.5162955413906383,0.6610759034601345,OT,univariate target-only,fastdtw_rolling_origin_scaled_variation_diagnostics,results/h336_w6_timesfm_variation_diagnostics/ETTh1_TimeMixer_h336_origin11520.png,main,336
ETTh1,iTransformer,336,11520,0.07439403599092803,0.2170179941225825,0.08139076641768987,0.02336889744429882,0.5290114750523202,0.6367451364855641,0.5384064378013902,0.6191415248663634,OT,univariate target-only,fastdtw_rolling_origin_scaled_variation_diagnostics,results/h336_w6_timesfm_variation_diagnostics/ETTh1_iTransformer_h336_origin11520.png,main,336
ETTh1,Chronos-2,336,11856,0.13557432454198817,0.27372772920699345,0.14888574274686667,0.01536799014477586,0.6102177733475797,0.4939393636506486,0.9574869645952976,0.04344316157569013,OT,univariate target-only,fastdtw_rolling_origin_scaled_variation_diagnostics,,main,336
ETTh1,TimesFM,336,11856,0.12347104969826928,0.251960119143838,0.16428776275473858,0.007529363125565727,0.5843135355708453,0.5373175471286817,0.9563219100582332,0.04466068615114684,OT,univariate target-only,fastdtw_rolling_origin_scaled_variation_diagnostics,,main,336
ETTh1,DLinear,336,11856,0.08929756207344733,0.23154161937424514,0.09739122668149382,0.03361375976612449,0.9693233476512927,0.031157020331127223,0.9425849330727991,0.059129238444830444,OT,univariate target-only,fastdtw_rolling_origin_scaled_variation_diagnostics,,main,336
ETTh1,PatchTST,336,11856,0.11135367875116538,0.23534405884656273,0.10997145649515307,0.02019016894289522,0.6816439759003564,0.3832477722447016,0.9414495640441981,0.06033449148634913,OT,univariate target-only,fastdtw_rolling_origin_scaled_variation_diagnostics,,main,336
ETTh1,TimeMixer,336,11856,0.0761457783697499,0.21972670353915846,0.08101582095663944,0.010318781467389217,0.7572609888401178,0.27804730446569015,0.8518796489222734,0.16031000752528438,OT,univariate target-only,fastdtw_rolling_origin_scaled_variation_diagnostics,,main,336
ETTh1,iTransformer,336,11856,0.09922935101622,0.23996217256096986,0.11197077265064374,0.027765093667675406,0.4416766152306167,0.8171772817921572,0.49710165518276755,0.6989607160927784,OT,univariate target-only,fastdtw_rolling_origin_scaled_variation_diagnostics,,main,336
ETTh1,Chronos-2,336,12528,0.04126210969855467,0.15546851250387372,0.07865604013204575,0.02327086433531746,0.30486403750578,1.1878893476316414,0.5399428207767917,0.6162920139601951,OT,univariate target-only,fastdtw_rolling_origin_scaled_variation_diagnostics,,main,336
ETTh1,TimesFM,336,12528,0.08461732510753765,0.2330242700520016,0.07128458014338007,0.028218456949324296,0.3383721280581225,1.0836089889833367,0.5752287718368664,0.5529874358632031,OT,univariate target-only,fastdtw_rolling_origin_scaled_variation_diagnostics,,main,336
ETTh1,DLinear,336,12528,0.040204920936780866,0.15890232875947474,0.0635773812786675,0.015587727002990681,0.7047367058160335,0.3499309986639252,0.6163694178745175,0.48390877463361903,OT,univariate target-only,fastdtw_rolling_origin_scaled_variation_diagnostics,,main,336
ETTh1,PatchTST,336,12528,0.06774243243269715,0.1877286081488297,0.07006811509794311,0.014385472271648873,0.6093552067498522,0.4953539025777744,0.6486933209306918,0.4327951994839377,OT,univariate target-only,fastdtw_rolling_origin_scaled_variation_diagnostics,,main,336
ETTh1,TimeMixer,336,12528,0.11613279324254032,0.2903209250924036,0.12388293991692284,0.017418766749123894,0.6651966996087401,0.4076724781447202,0.7179296082251185,0.3313837394947555,OT,univariate target-only,fastdtw_rolling_origin_scaled_variation_diagnostics,,main,336
ETTh1,iTransformer,336,12528,0.04163123377892879,0.15849186675357418,0.06506469047737959,0.06130948611714189,0.39028943126637083,0.9408666580275784,0.6081531003565431,0.49732860247456195,OT,univariate target-only,fastdtw_rolling_origin_scaled_variation_diagnostics,,main,336
ETTh1,Chronos-2,336,12864,0.030227884730053507,0.13799308683900607,0.054484984219397604,0.06375295748196808,0.3284133692820442,1.1134821614236259,0.6157407161211046,0.4849293032055799,OT,univariate target-only,fastdtw_rolling_origin_scaled_variation_diagnostics,,main,336
ETTh1,TimesFM,336,12864,0.020352067316536916,0.10669635786187082,0.04908945415750404,0.020005931081488473,0.3069396143987894,1.1811042139318078,0.5933051699879296,0.5220463749484227,OT,univariate target-only,fastdtw_rolling_origin_scaled_variation_diagnostics,,main,336
ETTh1,DLinear,336,12864,0.042387958342761406,0.16184157228269314,0.06560828025863116,0.06142816992101755,0.6453905498358026,0.43789962631382306,0.646133972972707,0.436748392722249,OT,univariate target-only,fastdtw_rolling_origin_scaled_variation_diagnostics,,main,336
ETTh1,PatchTST,336,12864,0.03686603609800078,0.14880557102957528,0.0595230892165324,0.012842633084980024,0.552241151426857,0.593770441469367,0.6577031812346235,0.41900152657375006,OT,univariate target-only,fastdtw_rolling_origin_scaled_variation_diagnostics,,main,336
ETTh1,TimeMixer,336,12864,0.02732120545451532,0.12798675112407706,0.058630032191115115,0.04591547188669149,0.5787586209618847,0.5468697605838044,0.7832757924414762,0.24427040690089458,OT,univariate target-only,fastdtw_rolling_origin_scaled_variation_diagnostics,,main,336
ETTh1,iTransformer,336,12864,0.06927500125018217,0.22505941205022384,0.07951797475252001,0.06295910280505196,0.3966689032943677,0.9246533177933972,0.6154297808331437,0.485434408372232,OT,univariate target-only,fastdtw_rolling_origin_scaled_variation_diagnostics,,main,336
ETTh1,Chronos-2,336,13536,0.07739754132429587,0.23417673508326212,0.10369223976471648,0.03968889786220191,0.23433333183515637,1.4510106395586877,0.3140962375929157,1.1580558190452999,OT,univariate target-only,fastdtw_rolling_origin_scaled_variation_diagnostics,,main,336
ETTh1,TimesFM,336,13536,0.06737669943177572,0.22082773879879997,0.07295417806669097,0.033115930455074445,0.09319740892101133,2.3730352516546422,0.17466272788533166,1.7448983766050867,OT,univariate target-only,fastdtw_rolling_origin_scaled_variation_diagnostics,,main,336
ETTh1,DLinear,336,13536,0.1080576324039532,0.2870454914948355,0.14239263769192667,0.04173699825007223,0.9818673168262425,0.018299084820108683,0.5955374809588123,0.5182909350588214,OT,univariate target-only,fastdtw_rolling_origin_scaled_variation_diagnostics,,main,336
ETTh1,PatchTST,336,13536,0.11188065651029953,0.29752677010636147,0.07076489871825442,0.10177056038028079,0.5460634840229939,0.6050200205789196,0.48148357338081155,0.7308831430690971,OT,univariate target-only,fastdtw_rolling_origin_scaled_variation_diagnostics,,main,336
ETTh1,TimeMixer,336,13536,0.11340502995967824,0.28380982800814936,0.1553633970435969,0.01955467838022783,0.6716465099433672,0.3980230888408637,0.4751900021239582,0.7440405294122523,OT,univariate target-only,fastdtw_rolling_origin_scaled_variation_diagnostics,,main,336
ETTh1,iTransformer,336,13536,0.07670211662370752,0.23803247985747866,0.11401024977571247,0.031755737003994845,0.31800246515720304,1.1456961127190346,0.2118330606620025,1.5519567170120536,OT,univariate target-only,fastdtw_rolling_origin_scaled_variation_diagnostics,,main,336
ETTh1,Chronos-2,336,13872,0.014637424927663924,0.09921480679795855,0.0726546787206739,0.0020122980521087423,0.05749960873375671,2.85597696191809,0.0508641167714737,2.9785973824553285,OT,univariate target-only,fastdtw_rolling_origin_scaled_variation_diagnostics,,main,336
ETTh1,TimesFM,336,13872,0.027007278206948752,0.13230230943078086,0.07845574120680492,0.042584676014503026,0.038339467646612335,3.2612751656981294,0.04395303046616088,3.1246334771263586,OT,univariate target-only,fastdtw_rolling_origin_scaled_variation_diagnostics,,main,336
ETTh1,DLinear,336,13872,0.07045024538619266,0.22385528941613214,0.1252481001399044,0.008265486384612325,0.7272261645667742,0.31851774313794556,0.4416756274326591,0.8171795182679085,OT,univariate target-only,fastdtw_rolling_origin_scaled_variation_diagnostics,,main,336
ETTh1,PatchTST,336,13872,0.16522211377475796,0.3178261909337854,0.19406999718094464,0.01260868371848024,0.4074399958679943,0.8978615820036815,0.361103351716673,1.0185910410863603,OT,univariate target-only,fastdtw_rolling_origin_scaled_variation_diagnostics,,main,336
ETTh1,TimeMixer,336,13872,0.07633105799785508,0.23434022657383416,0.15012225355435962,0.0054027277488248515,0.7197963439395209,0.32878694872997344,0.4620099876993323,0.7721687480926956,OT,univariate target-only,fastdtw_rolling_origin_scaled_variation_diagnostics,,main,336
ETTh1,iTransformer,336,13872,0.0793810056838913,0.2432337937343735,0.1567961401385832,0.008233172472610626,0.3665348831433897,1.0036615557933029,0.28114637612022775,1.268879798247123,OT,univariate target-only,fastdtw_rolling_origin_scaled_variation_diagnostics,,main,336
ETTm1,Chronos-2,336,46080,0.018342090490752763,0.10734556482306548,0.05547711815253222,0.0024045636591244223,0.16127286052576387,1.8246575006456487,0.3247502158062794,1.1246989281082538,OT,univariate target-only,fastdtw_rolling_origin_scaled_variation_diagnostics,results/h336_w6_timesfm_variation_diagnostics/ETTm1_Chronos-2_h336_origin46080.png,main,336
ETTm1,TimesFM,336,46080,0.022636025486606485,0.12061349275921072,0.07310514824419487,0.0021966580077152813,0.0900108902032311,2.4078245026162697,0.16433372501853807,1.8058559492786694,OT,univariate target-only,fastdtw_rolling_origin_scaled_variation_diagnostics,results/h336_w6_timesfm_variation_diagnostics/ETTm1_TimesFM_h336_origin46080.png,main,336
ETTm1,DLinear,336,46080,0.016458548227606586,0.09930456474064861,0.037888126787744704,0.0014709171747629255,1.2706468734522933,0.23952612784128116,0.6199048837881861,0.4781892098253695,OT,univariate target-only,fastdtw_rolling_origin_scaled_variation_diagnostics,results/h336_w6_timesfm_variation_diagnostics/ETTm1_DLinear_h336_origin46080.png,main,336
ETTm1,PatchTST,336,46080,0.02853977158457493,0.13866961658932805,0.059153292068316536,0.002273097507760792,0.532418514813895,0.6303253981493513,0.4720427623686985,0.750685678077065,OT,univariate target-only,fastdtw_rolling_origin_scaled_variation_diagnostics,results/h336_w6_timesfm_variation_diagnostics/ETTm1_PatchTST_h336_origin46080.png,main,336
ETTm1,TimeMixer,336,46080,0.020487758667929463,0.11329663349506398,0.041036219023813846,0.0017519131333476902,0.5396795876674942,0.6167796531710495,0.4562409591977371,0.7847341678205368,OT,univariate target-only,fastdtw_rolling_origin_scaled_variation_diagnostics,results/h336_w6_timesfm_variation_diagnostics/ETTm1_TimeMixer_h336_origin46080.png,main,336
ETTm1,iTransformer,336,46080,0.018305606110520466,0.1074398583091064,0.04373736383476369,0.001589356156663849,0.3155891634673607,1.1533139952016203,0.37263711805332306,0.9871501799031696,OT,univariate target-only,fastdtw_rolling_origin_scaled_variation_diagnostics,results/h336_w6_timesfm_variation_diagnostics/ETTm1_iTransformer_h336_origin46080.png,main,336
ETTm1,Chronos-2,336,48432,0.20085004279001337,0.40723839473156703,0.2157338752531871,0.10850303907522985,0.09851833028216467,2.3175125523783557,0.12535707545430932,2.076588930611876,OT,univariate target-only,fastdtw_rolling_origin_scaled_variation_diagnostics,,main,336
ETTm1,TimesFM,336,48432,0.23897079581217978,0.450993026828482,0.3246489873487655,0.023802445730956003,0.12199987986972835,2.1037351369564328,0.1667465159407286,1.7912804283420927,OT,univariate target-only,fastdtw_rolling_origin_scaled_variation_diagnostics,,main,336
ETTm1,DLinear,336,48432,0.22172439595796029,0.4439497258106644,0.40661522789832744,0.00034238454997383567,0.9276558896375608,0.07509441276279333,0.27516088173575826,1.290399291539641,OT,univariate target-only,fastdtw_rolling_origin_scaled_variation_diagnostics,,main,336
ETTm1,PatchTST,336,48432,0.1993121194864313,0.4192196532437095,0.38845082560395977,0.0004103254298025766,0.45380535835333957,0.7900868769281837,0.19473729137335472,1.6361038011153293,OT,univariate target-only,fastdtw_rolling_origin_scaled_variation_diagnostics,,main,336
ETTm1,TimeMixer,336,48432,0.27177054131966494,0.49057254257744265,0.468664522155945,7.749865140738156e-05,0.5905269320615164,0.5267400185404728,0.21248253091302596,1.5488954544023064,OT,univariate target-only,fastdtw_rolling_origin_scaled_variation_diagnostics,,main,336
ETTm1,iTransformer,336,48432,0.2631247986966647,0.47640786935512075,0.4540364084739549,4.370977794526901e-05,0.39610201065507106,0.9260834729911835,0.19389241581874042,1.6404517798031335,OT,univariate target-only,fastdtw_rolling_origin_scaled_variation_diagnostics,,main,336
ETTm1,Chronos-2,336,50448,0.029301528494632384,0.13739755217518126,0.06821717283382626,0.04526544627691175,0.1276749712483312,2.058267453318766,0.3417946869246635,1.073545023562425,OT,univariate target-only,fastdtw_rolling_origin_scaled_variation_diagnostics,,main,336
ETTm1,TimesFM,336,50448,0.03073490196507527,0.13603656029417402,0.10023249209612266,0.0009533135572236557,0.06751283818534456,2.69543735573009,0.14533135316544724,1.9287388805941497,OT,univariate target-only,fastdtw_rolling_origin_scaled_variation_diagnostics,,main,336
ETTm1,DLinear,336,50448,0.03645458786724255,0.15528460900947114,0.07989850518414876,0.040611156858976025,0.9438772522623052,0.057759140079742796,0.5582129998763331,0.5830146513146591,OT,univariate target-only,fastdtw_rolling_origin_scaled_variation_diagnostics,,main,336
ETTm1,PatchTST,336,50448,0.04933733798950342,0.1828248149958361,0.1212131561199851,0.027489660298643265,0.4171502213184274,0.8743088551132259,0.4153964839510207,0.8785218077514281,OT,univariate target-only,fastdtw_rolling_origin_scaled_variation_diagnostics,,main,336
ETTm1,TimeMixer,336,50448,0.058570311129180506,0.21376658243185476,0.11702452575875644,0.022458696552473283,0.49213582026040875,0.709000522827224,0.45454318178948,0.7884623384398047,OT,univariate target-only,fastdtw_rolling_origin_scaled_variation_diagnostics,,main,336
ETTm1,iTransformer,336,50448,0.05152062468189176,0.19811904465166627,0.08721460950327586,0.03823781722284873,0.4288622803958647,0.8466194129943411,0.33742008036860743,1.0864265659820236,OT,univariate target-only,fastdtw_rolling_origin_scaled_variation_diagnostics,,main,336
ETTm1,Chronos-2,336,52800,0.2301145915351687,0.42091151681684313,0.3649485183200185,0.0044795135355104425,0.09633790576263954,2.3398933121988517,0.09697258764644547,2.333326838879222,OT,univariate target-only,fastdtw_rolling_origin_scaled_variation_diagnostics,,main,336
ETTm1,TimesFM,336,52800,0.25682148083958145,0.4433422911734808,0.23186614205328265,0.12064801146738345,0.06903432625356905,2.673151271296745,0.12478903541351351,2.0811306040347564,OT,univariate target-only,fastdtw_rolling_origin_scaled_variation_diagnostics,,main,336
ETTm1,DLinear,336,52800,0.2567014237746054,0.43497135088216055,0.34296138802333437,0.005720622350086636,1.3411655290257667,0.2935390411445596,0.6143180957353943,0.48724239747906717,OT,univariate target-only,fastdtw_rolling_origin_scaled_variation_diagnostics,,main,336
ETTm1,PatchTST,336,52800,0.25181056118252565,0.43556276905848096,0.3200162967413862,0.009896739703633391,0.5121207277205542,0.6691948658823614,0.3341815286918106,1.096070904646434,OT,univariate target-only,fastdtw_rolling_origin_scaled_variation_diagnostics,,main,336
ETTm1,TimeMixer,336,52800,0.2915100840308617,0.4626754450552886,0.357666109701466,0.0029547031133027373,0.5280316685038404,0.638598999909269,0.37229452843491256,0.9880699680071667,OT,univariate target-only,fastdtw_rolling_origin_scaled_variation_diagnostics,,main,336
ETTm1,iTransformer,336,52800,0.24822891959292726,0.4349958376464397,0.3289479641565742,0.008562758436708017,0.3323080250666447,1.1016929237554987,0.20041896004231147,1.607345253361709,OT,univariate target-only,fastdtw_rolling_origin_scaled_variation_diagnostics,,main,336
ETTm1,Chronos-2,336,54816,0.4164627122343622,0.5963402830419087,0.5963402830419087,0.0,0.0533094200970258,2.9316420385624076,0.03112147953438104,3.469856716602072,OT,univariate target-only,fastdtw_rolling_origin_scaled_variation_diagnostics,,main,336
ETTm1,TimesFM,336,54816,0.35064100417017635,0.5529378698695273,0.4003931386765344,0.039287989622811055,0.08544886969115358,2.4598369802009996,0.31448488333262276,1.156819237913836,OT,univariate target-only,fastdtw_rolling_origin_scaled_variation_diagnostics,,main,336
ETTm1,DLinear,336,54816,0.41896146587327127,0.601384651877761,0.5844451469503075,0.0003151290709520523,0.8421486195059061,0.17179876071434833,0.4192438698383996,0.8693024762663478,OT,univariate target-only,fastdtw_rolling_origin_scaled_variation_diagnostics,,main,336
ETTm1,PatchTST,336,54816,0.39085248746336443,0.579523018823845,0.5424913499707978,0.0017180483304432884,0.46536686187738385,0.7649292126900863,0.3122232151652316,1.1640368817227404,OT,univariate target-only,fastdtw_rolling_origin_scaled_variation_diagnostics,,main,336
ETTm1,TimeMixer,336,54816,0.43959291795436733,0.6104474439652604,0.6049191876577334,1.554671770379735e-05,0.410028961833879,0.8915274587708355,0.23314731069147906,1.456084747573898,OT,univariate target-only,fastdtw_rolling_origin_scaled_variation_diagnostics,,main,336
ETTm1,iTransformer,336,54816,0.3926124843469335,0.5760175453688015,0.558510064696918,7.570013795498932e-05,0.21224880524179401,1.5499960357059341,0.14080848889883404,1.960354475582476,OT,univariate target-only,fastdtw_rolling_origin_scaled_variation_diagnostics,,main,336
ETTm1,Chronos-2,336,57168,0.04349923193507655,0.17316122211161114,0.06600747602741892,0.029099505474373257,0.1822793930800919,1.702214587333468,0.3435681368736315,1.0683697972623665,OT,univariate target-only,fastdtw_rolling_origin_scaled_variation_diagnostics,,main,336
ETTm1,TimesFM,336,57168,0.07988971923860344,0.24906742182515917,0.1435500875172053,0.11645039035893191,0.07593752239031927,2.5778442189081767,0.1307270340503123,2.034643762768476,OT,univariate target-only,fastdtw_rolling_origin_scaled_variation_diagnostics,,main,336
ETTm1,DLinear,336,57168,0.03409508098969036,0.15634311825796984,0.0595065393555181,0.014206281998680381,1.4428285863465655,0.3666054898858793,0.522578185033795,0.6489806507733763,OT,univariate target-only,fastdtw_rolling_origin_scaled_variation_diagnostics,,main,336
ETTm1,PatchTST,336,57168,0.04018056143514748,0.16573131170308755,0.07806731753494717,0.015149789845289433,0.41528586710158216,0.878788135421178,0.28069196968420557,1.2704973685760996,OT,univariate target-only,fastdtw_rolling_origin_scaled_variation_diagnostics,,main,336
ETTm1,TimeMixer,336,57168,0.06212268775796098,0.21404041199383447,0.10401760409455081,0.018403715652927838,0.7976599384386156,0.22607290212759362,0.3834815026708862,0.958463866192391,OT,univariate target-only,fastdtw_rolling_origin_scaled_variation_diagnostics,,main,336
ETTm1,iTransformer,336,57168,0.04820721723241591,0.17911554930511941,0.08756573668839045,0.01725447393613736,0.401050544090597,0.9136677895703649,0.39576489373651624,0.9269349214569224,OT,univariate target-only,fastdtw_rolling_origin_scaled_variation_diagnostics,,main,336
ETTm2,Chronos-2,336,46080,0.037597606453625504,0.15172695570488162,0.05902692847124407,0.000875514679556033,0.8748010209679544,0.13375881166175224,0.8572076168788892,0.15407511799008833,OT,univariate target-only,fastdtw_rolling_origin_scaled_variation_diagnostics,results/h336_w6_timesfm_variation_diagnostics/ETTm2_Chronos-2_h336_origin46080.png,main,336
ETTm2,TimesFM,336,46080,0.06523270097898218,0.20699394239532662,0.07995427999592665,0.0009569066028473245,0.7160449660818056,0.3340122982376067,0.6702841725512544,0.4000535034630336,OT,univariate target-only,fastdtw_rolling_origin_scaled_variation_diagnostics,results/h336_w6_timesfm_variation_diagnostics/ETTm2_TimesFM_h336_origin46080.png,main,336
ETTm2,DLinear,336,46080,0.032552705481217414,0.15608683166436485,0.057387364455423,0.0007188455405923402,1.98955736314856,0.6879121884426814,0.7679706022139151,0.26400381191306654,OT,univariate target-only,fastdtw_rolling_origin_scaled_variation_diagnostics,results/h336_w6_timesfm_variation_diagnostics/ETTm2_DLinear_h336_origin46080.png,main,336
ETTm2,PatchTST,336,46080,0.040294591797912685,0.16450753509369728,0.06174188617056384,0.0006708238851095994,1.1724785850681438,0.15911996536623704,0.870586766848052,0.13858783852965226,OT,univariate target-only,fastdtw_rolling_origin_scaled_variation_diagnostics,results/h336_w6_timesfm_variation_diagnostics/ETTm2_PatchTST_h336_origin46080.png,main,336
ETTm2,TimeMixer,336,46080,0.07225769859737664,0.24130516748555994,0.0900546909709151,0.0014255816000341938,1.4816688890400862,0.39316908696034836,0.7631000029198848,0.27036617775576105,OT,univariate target-only,fastdtw_rolling_origin_scaled_variation_diagnostics,results/h336_w6_timesfm_variation_diagnostics/ETTm2_TimeMixer_h336_origin46080.png,main,336
ETTm2,iTransformer,336,46080,0.05249139826000338,0.1960054251191648,0.07348723498604605,0.0009793594281832427,1.071621006539735,0.069172470795116,0.7514863117347924,0.2857022712391279,OT,univariate target-only,fastdtw_rolling_origin_scaled_variation_diagnostics,results/h336_w6_timesfm_variation_diagnostics/ETTm2_iTransformer_h336_origin46080.png,main,336
ETTm2,Chronos-2,336,48432,0.45959952139437266,0.5997338229346842,0.5644581848833742,0.00027401833749372763,0.13567143894850212,1.9975191325942674,0.08459527852042817,2.4698767051686685,OT,univariate target-only,fastdtw_rolling_origin_scaled_variation_diagnostics,,main,336
ETTm2,TimesFM,336,48432,0.44751500428011,0.6007560558971905,0.48534558047482995,0.006880122162033538,0.3686216198913594,0.9979845542652688,0.3755584693954663,0.9793410824990545,OT,univariate target-only,fastdtw_rolling_origin_scaled_variation_diagnostics,,main,336
ETTm2,DLinear,336,48432,0.5074025454130426,0.6635127525808626,0.49182311178955573,0.02500112102192686,3.002641056166913,1.099492256771558,0.697522436730105,0.36022058411252894,OT,univariate target-only,fastdtw_rolling_origin_scaled_variation_diagnostics,,main,336
ETTm2,PatchTST,336,48432,0.44673501928388665,0.6111237800532435,0.385518854467218,0.03476313726441018,1.6275170667456118,0.48705558766957185,0.6729043017515572,0.39615214109319524,OT,univariate target-only,fastdtw_rolling_origin_scaled_variation_diagnostics,,main,336
ETTm2,TimeMixer,336,48432,0.43552123456553343,0.6045659087216239,0.40650732284022995,0.04767788007681886,1.3665669618558873,0.3123017349588383,0.47388320053352134,0.7467943789258696,OT,univariate target-only,fastdtw_rolling_origin_scaled_variation_diagnostics,,main,336
ETTm2,iTransformer,336,48432,0.504732536561706,0.6767142809334734,0.43115466315741285,0.03728896371767097,1.0213985169456223,0.021172793038886473,0.7630143596034846,0.27047841484292934,OT,univariate target-only,fastdtw_rolling_origin_scaled_variation_diagnostics,,main,336
ETTm2,Chronos-2,336,50448,0.07746433789585742,0.22327593425732284,0.07331047147637655,0.0014216624149659865,0.7170398891901525,0.33262379252470564,0.6585502392887516,0.41771445199527846,OT,univariate target-only,fastdtw_rolling_origin_scaled_variation_diagnostics,,main,336
ETTm2,TimesFM,336,50448,0.06900862882616013,0.21909122537111952,0.07907386997542462,0.0012340501676861221,0.6793645775819419,0.3865973476904374,0.6029365088569767,0.5059433633242106,OT,univariate target-only,fastdtw_rolling_origin_scaled_variation_diagnostics,,main,336
ETTm2,DLinear,336,50448,0.07113795577788967,0.2254171982676349,0.07764417169338611,0.001375926989321625,1.5320444014140933,0.4266030600719117,0.6414624829503417,0.44400456436709607,OT,univariate target-only,fastdtw_rolling_origin_scaled_variation_diagnostics,,main,336
ETTm2,PatchTST,336,50448,0.07693000423724795,0.2421584391836176,0.07652650734584818,0.0013525616069721062,1.0827952313966558,0.07954588402786437,0.7003485646695755,0.35617710406788855,OT,univariate target-only,fastdtw_rolling_origin_scaled_variation_diagnostics,,main,336
ETTm2,TimeMixer,336,50448,0.07820731070764675,0.24580597873450788,0.07819283398822349,0.0013191816173190587,1.2846205439101794,0.25046338595501244,0.7018423548996462,0.3540464515967774,OT,univariate target-only,fastdtw_rolling_origin_scaled_variation_diagnostics,,main,336
ETTm2,iTransformer,336,50448,0.09685039876192086,0.2592564101109943,0.07708346613136743,0.0015299631576652253,0.9834047381469141,0.016734495719315897,0.7136546497682769,0.3373561034408456,OT,univariate target-only,fastdtw_rolling_origin_scaled_variation_diagnostics,,main,336
ETTm2,Chronos-2,336,52800,0.3307438618274935,0.47429524095995085,0.35869072609156083,0.007572503364209762,0.4233228870044908,0.8596200412467911,0.4014414504913703,0.9126935582394893,OT,univariate target-only,fastdtw_rolling_origin_scaled_variation_diagnostics,,main,336
ETTm2,TimesFM,336,52800,0.2008028100818083,0.3764986837548869,0.2555222424618083,0.007356793621624638,0.38704363325452934,0.9492178190432645,0.25711561995617394,1.3582293732630162,OT,univariate target-only,fastdtw_rolling_origin_scaled_variation_diagnostics,,main,336
ETTm2,DLinear,336,52800,0.3830530616895861,0.5184112841335763,0.33249452619603653,0.015165093447336563,6.382158138518805,1.8535063079499636,1.5901114143597748,0.4638040919904716,OT,univariate target-only,fastdtw_rolling_origin_scaled_variation_diagnostics,,main,336
ETTm2,PatchTST,336,52800,0.3117336894038393,0.4596236296761555,0.2890490824180337,0.030255843546982786,2.043926929935189,0.7148729280310082,1.2821011117083372,0.248500233475392,OT,univariate target-only,fastdtw_rolling_origin_scaled_variation_diagnostics,,main,336
ETTm2,TimeMixer,336,52800,0.5525173805492122,0.6129132064584499,0.4978055063077766,0.000341623274824333,3.183854829464251,1.1580926763223285,1.7067456282995264,0.5345884217538991,OT,univariate target-only,fastdtw_rolling_origin_scaled_variation_diagnostics,,main,336
ETTm2,iTransformer,336,52800,0.3315905536806174,0.4687300364497117,0.21215243894259764,0.10500857892983884,2.119326030134569,0.7510981325443232,1.761460865518395,0.5661435076631313,OT,univariate target-only,fastdtw_rolling_origin_scaled_variation_diagnostics,,main,336
ETTm2,Chronos-2,336,54816,0.5103716014352104,0.641972524424394,0.6286622876676109,1.735388032764126e-05,0.4679990740358515,0.7592889402547571,0.4052339954826593,0.9032905874175224,OT,univariate target-only,fastdtw_rolling_origin_scaled_variation_diagnostics,,main,336
ETTm2,TimesFM,336,54816,0.4887198624603041,0.6281459406018257,0.6262734028281374,5.2568010389121034e-08,0.2722267844463095,1.3011197569954152,0.2017613954631673,1.600669440774885,OT,univariate target-only,fastdtw_rolling_origin_scaled_variation_diagnostics,,main,336
ETTm2,DLinear,336,54816,0.46271354385786967,0.6085866754675359,0.46805963866428346,0.003632544664738421,5.734155065205992,1.746440411951767,1.786298417330487,0.5801455610661601,OT,univariate target-only,fastdtw_rolling_origin_scaled_variation_diagnostics,,main,336
ETTm2,PatchTST,336,54816,0.46381111639117406,0.6107553819976512,0.47285650004775603,0.003833099010538193,3.185735396342752,1.1586831591824718,1.8110539320903138,0.5939089642612849,OT,univariate target-only,fastdtw_rolling_origin_scaled_variation_diagnostics,,main,336
ETTm2,TimeMixer,336,54816,0.5207231233642883,0.643291223764753,0.49584923055102037,0.014494034342855018,3.374844586378459,1.216349277746872,1.5074087694528358,0.4103921366459329,OT,univariate target-only,fastdtw_rolling_origin_scaled_variation_diagnostics,,main,336
ETTm2,iTransformer,336,54816,0.3922355505111346,0.5488585834093275,0.42927316744817384,0.010880347592674158,2.1635491035218277,0.7717499813827674,1.4083582710713738,0.3424246863543361,OT,univariate target-only,fastdtw_rolling_origin_scaled_variation_diagnostics,,main,336
ETTm2,Chronos-2,336,57168,0.04698757586425161,0.16216523723588103,0.10833560353763191,0.002287268170102459,0.3617839800745114,1.016707957761475,0.14529626727406514,1.9289803296971977,OT,univariate target-only,fastdtw_rolling_origin_scaled_variation_diagnostics,,main,336
ETTm2,TimesFM,336,57168,0.10073257670632454,0.26478818830634865,0.22408793676568536,0.0007665082402008423,0.2879701479577817,1.2448984224170747,0.12734106326706654,2.0608861760710995,OT,univariate target-only,fastdtw_rolling_origin_scaled_variation_diagnostics,,main,336
ETTm2,DLinear,336,57168,0.08865951769656968,0.23112159638855334,0.10243178219982878,0.002857414180879412,7.625176016226612,2.0314554076337803,1.3567787760416152,0.3051133506455445,OT,univariate target-only,fastdtw_rolling_origin_scaled_variation_diagnostics,,main,336
ETTm2,PatchTST,336,57168,0.0821095835150291,0.22250019089629786,0.08326186197824713,0.023607849487146882,2.5695986969441984,0.9437497415573046,1.1554952528778453,0.14452905109416334,OT,univariate target-only,fastdtw_rolling_origin_scaled_variation_diagnostics,,main,336
ETTm2,TimeMixer,336,57168,0.09186482985128215,0.24151088068730414,0.08736861875564501,0.025438338421901362,3.165644099568051,1.1523565450228472,0.9403441319541537,0.06150936225757206,OT,univariate target-only,fastdtw_rolling_origin_scaled_variation_diagnostics,,main,336
ETTm2,iTransformer,336,57168,0.1576872709263839,0.34048954583338076,0.14736712242673403,0.02355653399180185,3.857407521056002,1.349995333757496,0.8619707154965025,0.14853397003608487,OT,univariate target-only,fastdtw_rolling_origin_scaled_variation_diagnostics,,main,336
Weather,Chronos-2,336,42063,0.0008860474570110933,0.025922474078405294,0.01707310123275435,0.0035528799266881894,0.09596640805583577,2.34375696063114,0.09970800387868585,2.305509225317999,OT,univariate target-only,fastdtw_rolling_origin_scaled_variation_diagnostics,results/h336_w6_timesfm_variation_diagnostics/Weather_Chronos-2_h336_origin42063.png,main,336
Weather,TimesFM,336,42063,0.0008324395091025878,0.02474897095801983,0.01586172330974115,0.038164414647973016,0.05986761244066477,2.815619446865076,0.08227568587724501,2.4976795262456877,OT,univariate target-only,fastdtw_rolling_origin_scaled_variation_diagnostics,results/h336_w6_timesfm_variation_diagnostics/Weather_TimesFM_h336_origin42063.png,main,336
Weather,DLinear,336,42063,0.001956084377058007,0.03707313790047866,0.01958847832998999,0.005119674219996641,1.250594360773535,0.22361893492034382,0.34002252776064346,1.078743376037547,OT,univariate target-only,fastdtw_rolling_origin_scaled_variation_diagnostics,results/h336_w6_timesfm_variation_diagnostics/Weather_DLinear_h336_origin42063.png,main,336
Weather,PatchTST,336,42063,0.0015369736635615367,0.032794189198999936,0.01255935849206552,0.0048508675708562165,0.9074531499745867,0.09711332852827022,0.4609648958066787,0.7744333651160383,OT,univariate target-only,fastdtw_rolling_origin_scaled_variation_diagnostics,results/h336_w6_timesfm_variation_diagnostics/Weather_PatchTST_h336_origin42063.png,main,336
Weather,TimeMixer,336,42063,0.0011685640552860216,0.028944297350337673,0.015817483979588334,0.0027104935825462873,0.8538488445273599,0.15800108618827935,0.304282262606855,1.189799480079643,OT,univariate target-only,fastdtw_rolling_origin_scaled_variation_diagnostics,results/h336_w6_timesfm_variation_diagnostics/Weather_TimeMixer_h336_origin42063.png,main,336
Weather,iTransformer,336,42063,0.0014687556036772186,0.032080156277046176,0.02336189228783092,0.0015981473607961703,0.4647386928933362,0.7662799605978416,0.12289215830187364,2.096447988591361,OT,univariate target-only,fastdtw_rolling_origin_scaled_variation_diagnostics,results/h336_w6_timesfm_variation_diagnostics/Weather_iTransformer_h336_origin42063.png,main,336
Weather,Chronos-2,336,44079,8.096135785381818e-05,0.007255820069639455,0.004461972783927036,0.023553959627329195,0.09653258080106558,2.337874599146181,0.07951682868387808,2.5317864724054813,OT,univariate target-only,fastdtw_rolling_origin_scaled_variation_diagnostics,,main,336
Weather,TimesFM,336,44079,6.571521322988838e-05,0.006196389096744713,0.0037015132851218467,0.005510981152899943,0.12470080594391372,2.0818378830624313,0.12759400234657622,2.0589018343560404,OT,univariate target-only,fastdtw_rolling_origin_scaled_variation_diagnostics,,main,336
Weather,DLinear,336,44079,0.00013967517929475043,0.009989151334091803,0.004784709007506411,0.01693763158013371,3.1709475095692845,1.1540304452991939,0.8984847298048284,0.10704555698196594,OT,univariate target-only,fastdtw_rolling_origin_scaled_variation_diagnostics,,main,336
Weather,PatchTST,336,44079,0.000193186841385656,0.011710400169380186,0.004296939641930594,0.045943963900840795,0.5333650629119334,0.6285491494832505,0.42345378129316347,0.8593108823114444,OT,univariate target-only,fastdtw_rolling_origin_scaled_variation_diagnostics,,main,336
Weather,TimeMixer,336,44079,0.0003283943773893158,0.01572258561207159,0.004788783125915429,0.12362431055072302,2.4115507140607546,0.8802699945419387,0.6759357402739663,0.39165725142956015,OT,univariate target-only,fastdtw_rolling_origin_scaled_variation_diagnostics,,main,336
Weather,iTransformer,336,44079,0.0003520122304165918,0.016732661472520546,0.01427481908892601,0.001720536115045847,0.5365480109504067,0.6225992130876943,0.1428624184716267,1.9458731504383837,OT,univariate target-only,fastdtw_rolling_origin_scaled_variation_diagnostics,,main,336
Weather,Chronos-2,336,46095,0.0009041122877262149,0.02831110569171696,0.02037025610759352,0.02179422564906112,0.11080172567303426,2.2000128398725654,0.11656201267131427,2.149331764197412,OT,univariate target-only,fastdtw_rolling_origin_scaled_variation_diagnostics,,main,336
Weather,TimesFM,336,46095,0.001078881047069166,0.030605376601063956,0.026531806926969,0.014066484806958653,0.07729207738700115,2.560163691021406,0.11509292351532659,2.1620153594454665,OT,univariate target-only,fastdtw_rolling_origin_scaled_variation_diagnostics,,main,336
Weather,DLinear,336,46095,0.0004622676737722319,0.019824841191575036,0.005779121918807518,0.07371412277904583,3.9787572127224493,1.3809695149370418,1.0524356605824352,0.051107164119700295,OT,univariate target-only,fastdtw_rolling_origin_scaled_variation_diagnostics,,main,336
Weather,PatchTST,336,46095,0.000871382042003963,0.02822647759446478,0.008778519880072756,0.07549955479633964,0.6403664479684276,0.4457146759201854,0.6751010380381944,0.39289289851632825,OT,univariate target-only,fastdtw_rolling_origin_scaled_variation_diagnostics,,main,336
Weather,TimeMixer,336,46095,0.0013994241748791505,0.035324109028967376,0.029642752584850548,0.00134571153868574,2.6460013502963284,0.973049579787994,0.7243189046042507,0.322523493798689,OT,univariate target-only,fastdtw_rolling_origin_scaled_variation_diagnostics,,main,336
Weather,iTransformer,336,46095,0.001259152097117058,0.03349379251096259,0.031322315748985245,0.0004239543039437997,1.1710576207773147,0.15790729841507772,0.3133524490041575,1.1604266548740534,OT,univariate target-only,fastdtw_rolling_origin_scaled_variation_diagnostics,,main,336
Weather,Chronos-2,336,48111,0.0006824713598886445,0.022416770358436873,0.006786050560714846,0.00795407237232014,0.3644144245754484,1.0094635024833658,0.4806613192685046,0.732592354024068,OT,univariate target-only,fastdtw_rolling_origin_scaled_variation_diagnostics,,main,336
Weather,TimesFM,336,48111,0.0013154758474549148,0.031018929700145408,0.01269027211698467,0.1405418057839014,0.09595265765793011,2.3439002543309617,0.10678059164205835,2.2369790015182316,OT,univariate target-only,fastdtw_rolling_origin_scaled_variation_diagnostics,,main,336
Weather,DLinear,336,48111,0.0010307345340466476,0.025362572731678395,0.011042177943266198,0.06875704221733223,4.342944794509983,1.4685526444021526,0.9022076663809513,0.1029105455304593,OT,univariate target-only,fastdtw_rolling_origin_scaled_variation_diagnostics,,main,336
Weather,PatchTST,336,48111,0.0005534721626267052,0.01839459853420467,0.006191718676951232,0.00477141755476213,0.6023914419087923,0.5068477926555787,0.29542912149459444,1.2193262966361882,OT,univariate target-only,fastdtw_rolling_origin_scaled_variation_diagnostics,,main,336
Weather,TimeMixer,336,48111,0.0010596824407846754,0.026203788786004763,0.010340642115506362,0.03969036885406965,3.5627884483381167,1.2705435130783904,0.8284641014512978,0.1881817605536917,OT,univariate target-only,fastdtw_rolling_origin_scaled_variation_diagnostics,,main,336
Weather,iTransformer,336,48111,0.001186940661510402,0.028204816829589027,0.01616011775993637,0.019545730577125688,1.3328970552052228,0.2873548178137397,0.28413098085410277,1.2583199117555126,OT,univariate target-only,fastdtw_rolling_origin_scaled_variation_diagnostics,,main,336
Weather,Chronos-2,336,50127,0.0014527283185681516,0.035025936540304906,0.012968065471831814,0.07058962811511206,0.2133473796310505,1.544833504571558,0.36009072221762406,1.0213992453493541,OT,univariate target-only,fastdtw_rolling_origin_scaled_variation_diagnostics,,main,336
Weather,TimesFM,336,50127,0.003502316394300669,0.05434765375130588,0.03598489175058997,0.07844876259695581,0.11160705839792591,2.1927708941416455,0.11186839162755842,2.190432083991898,OT,univariate target-only,fastdtw_rolling_origin_scaled_variation_diagnostics,,main,336
Weather,DLinear,336,50127,0.0006994569790444849,0.02301016551380275,0.011417299131611365,0.011588966768989304,2.0702604335161494,0.7276744174865851,0.6237222847589111,0.47205005012306506,OT,univariate target-only,fastdtw_rolling_origin_scaled_variation_diagnostics,,main,336
Weather,PatchTST,336,50127,0.001180779001317109,0.031107627003862815,0.011119293679673363,0.06578747355620233,0.7503523483414792,0.28721237165649993,0.3759199464776622,0.978379039963115,OT,univariate target-only,fastdtw_rolling_origin_scaled_variation_diagnostics,,main,336
Weather,TimeMixer,336,50127,0.0011657937784974536,0.03044097157738057,0.023494337581955186,0.0018231275645178707,1.1517968738224036,0.14132323060179816,0.3739701182527185,0.9835793557394981,OT,univariate target-only,fastdtw_rolling_origin_scaled_variation_diagnostics,,main,336
Weather,iTransformer,336,50127,0.0012062134192352477,0.030955097535783304,0.024257895075383944,0.0032710528523262924,0.8361140304752656,0.1789902631489602,0.23919598004965045,1.430472021052656,OT,univariate target-only,fastdtw_rolling_origin_scaled_variation_diagnostics,,main,336
Weather,Chronos-2,336,52143,0.0003194757827011772,0.013040767661074088,0.007494724368103147,0.10175626875192396,0.026211833469626574,3.6415439295293184,0.027862511460542805,3.5804728100401078,OT,univariate target-only,fastdtw_rolling_origin_scaled_variation_diagnostics,,main,336
Weather,TimesFM,336,52143,0.0003517825224738526,0.01383483767997296,0.00770440707816688,0.07940657618429993,0.02431632485129541,3.7166069383689853,0.046310508094473714,3.0723861710229325,OT,univariate target-only,fastdtw_rolling_origin_scaled_variation_diagnostics,,main,336
Weather,DLinear,336,52143,0.0005366291096087263,0.01929465824470165,0.00994337624501131,0.07110982632928561,1.3311156477849178,0.2860174310434357,0.4206067172374164,0.866057021458621,OT,univariate target-only,fastdtw_rolling_origin_scaled_variation_diagnostics,,main,336
Weather,PatchTST,336,52143,0.00028660185754693195,0.011642320045446894,0.00605835003805208,0.059443034024507235,0.2093087813279545,1.563944646934261,0.1545802129766286,1.8670420748369365,OT,univariate target-only,fastdtw_rolling_origin_scaled_variation_diagnostics,,main,336
Weather,TimeMixer,336,52143,0.000260445526344332,0.011641435343258542,0.006735593751844298,0.008492607632995171,0.5465332571658557,0.6041601000876691,0.1922700229316243,1.6488544735198898,OT,univariate target-only,fastdtw_rolling_origin_scaled_variation_diagnostics,,main,336
Weather,iTransformer,336,52143,0.000246844599461932,0.011365396155806631,0.007437928926851569,0.00988841339675967,0.37168940309266507,0.9896966844825573,0.12906800433600746,2.0474157706493883,OT,univariate target-only,fastdtw_rolling_origin_scaled_variation_diagnostics,,main,336
ESNet,Chronos-2,4321,51808,1.3221661685062027,0.18779933051411143,0.16489010644467858,0.001289593516650182,0.001304779639074289,6.641713447312626,0.0008073002975146982,7.121802456145215,ifHCOutOctets_to_bps,univariate target-only,fastdtw_rolling_origin_scaled_variation_diagnostics,results/h336_w6_timesfm_variation_diagnostics/ESNet_Chronos-2_h4321_origin51808.png,main,336
ESNet,DLinear,4321,51808,1.3216419671063084,0.1862875756695606,0.13579843497263486,0.0028186051357990878,0.0033360275850346606,5.702971528051902,0.0008682499476206082,7.04901940931317,ifHCOutOctets_to_bps,univariate target-only,fastdtw_rolling_origin_scaled_variation_diagnostics,results/h336_w6_timesfm_variation_diagnostics/ESNet_DLinear_h4321_origin51808.png,main,336
ESNet,PatchTST,4321,51808,1.3253899000358658,0.19743680176004486,0.18051019896537007,1.4674245694481162e-05,0.04096578460856716,3.1950178383210908,0.010510079958619668,4.555419534794069,ifHCOutOctets_to_bps,univariate target-only,fastdtw_rolling_origin_scaled_variation_diagnostics,results/h336_w6_timesfm_variation_diagnostics/ESNet_PatchTST_h4321_origin51808.png,main,336
ESNet,TimeMixer,4321,51808,1.3053915013925468,0.23371571200731645,0.225134348779408,9.303190217136542e-05,0.04296576660048859,3.147351373191463,0.011003330405333963,4.509556379070966,ifHCOutOctets_to_bps,univariate target-only,fastdtw_rolling_origin_scaled_variation_diagnostics,results/h336_w6_timesfm_variation_diagnostics/ESNet_TimeMixer_h4321_origin51808.png,main,336
ESNet,iTransformer,4321,51808,1.2902342298616656,0.3088471183962006,0.30194162665985075,0.00017051329113462364,0.036547281158793146,3.309148208835389,0.009533658258037456,4.652925718479582,ifHCOutOctets_to_bps,univariate target-only,fastdtw_rolling_origin_scaled_variation_diagnostics,results/h336_w6_timesfm_variation_diagnostics/ESNet_iTransformer_h4321_origin51808.png,main,336
ESNet,Chronos-2,4321,56129,1.6131793077684655,0.2242075211250604,0.22317442215766276,4.4097426137981505e-06,0.0010029431671154207,6.904806463898643,0.0005091911402347306,7.58266745201658,ifHCOutOctets_to_bps,univariate target-only,fastdtw_rolling_origin_scaled_variation_diagnostics,,main,336
ESNet,DLinear,4321,56129,1.6109692248238041,0.22025756650425102,0.16262108386509352,0.001970076202366281,0.0016163711975225802,6.427565457144748,0.00046768367258091543,7.667697022122504,ifHCOutOctets_to_bps,univariate target-only,fastdtw_rolling_origin_scaled_variation_diagnostics,,main,336
ESNet,PatchTST,4321,56129,1.608746576544508,0.22699389526822988,0.19259934771101375,0.0005416654899503146,0.019981991891126993,3.9129233160297874,0.005891222777403767,5.134290003150294,ifHCOutOctets_to_bps,univariate target-only,fastdtw_rolling_origin_scaled_variation_diagnostics,,main,336
ESNet,TimeMixer,4321,56129,1.6041747812452802,0.23536530876076167,0.2204067957785826,3.16052936008704e-05,0.016380324670863734,4.111673769089275,0.004703418183280762,5.359463635451497,ifHCOutOctets_to_bps,univariate target-only,fastdtw_rolling_origin_scaled_variation_diagnostics,,main,336
ESNet,iTransformer,4321,56129,1.6131220627084484,0.22647350865789875,0.21550333356764223,2.1809991507641233e-06,0.014506269265673883,4.233173670490817,0.004158525196830665,5.482592382862887,ifHCOutOctets_to_bps,univariate target-only,fastdtw_rolling_origin_scaled_variation_diagnostics,,main,336
ESNet,Chronos-2,4321,60450,1.5014870325782994,0.20778463691390242,0.1373061456704606,0.04403052701583149,0.0013511940131767436,6.606759222391655,0.0007582880241144045,7.184434077938737,ifHCOutOctets_to_bps,univariate target-only,fastdtw_rolling_origin_scaled_variation_diagnostics,,main,336
ESNet,DLinear,4321,60450,1.5005317286345037,0.20534260648281405,0.1587895688984456,0.0025890844689984913,0.003372476542882219,5.692104960140222,0.0008284434118106882,7.095949954651348,ifHCOutOctets_to_bps,univariate target-only,fastdtw_rolling_origin_scaled_variation_diagnostics,,main,336
ESNet,PatchTST,4321,60450,1.5039877681404819,0.21881940581494153,0.1942232148956117,0.00020093843943700686,0.05513332140747553,2.8980008199915717,0.013249487002813627,4.323795689322284,ifHCOutOctets_to_bps,univariate target-only,fastdtw_rolling_origin_scaled_variation_diagnostics,,main,336
ESNet,TimeMixer,4321,60450,1.4919222696854377,0.22520757060140567,0.21284806738524262,2.8616859731292493e-05,0.033172596987719113,3.4060308343657533,0.008175119822917519,4.806658681845707,ifHCOutOctets_to_bps,univariate target-only,fastdtw_rolling_origin_scaled_variation_diagnostics,,main,336
ESNet,iTransformer,4321,60450,1.469016916563259,0.3011776632063634,0.29860968235053775,6.5878772593608604e-06,0.04452730892160817,3.1116523698238403,0.010928776106768325,4.516355043641317,ifHCOutOctets_to_bps,univariate target-only,fastdtw_rolling_origin_scaled_variation_diagnostics,,main,336
ETTh1,Chronos-2,720,11520,0.23304852640066054,0.3734497673809528,0.2664060011966941,0.004302522829960545,0.27525340233396806,1.2900631062392331,0.3447971488334882,1.064798980268636,OT,univariate target-only,fastdtw_rolling_origin_scaled_variation_diagnostics,results/h720_w6_timesfm_variation_diagnostics/ETTh1_Chronos-2_h720_origin11520.png,main,336
ETTh1,TimesFM,720,11520,0.1903899150382851,0.3411490475965871,0.2374503786365191,0.0013595184996988859,0.28846748329233535,1.2431728742788604,0.361910111160569,1.0163593820707888,OT,univariate target-only,fastdtw_rolling_origin_scaled_variation_diagnostics,results/h720_w6_timesfm_variation_diagnostics/ETTh1_TimesFM_h720_origin11520.png,main,336
ETTh1,DLinear,720,11520,0.07426154408904934,0.22596233968130439,0.09103748116135409,0.030914124620736557,1.1264726139682992,0.11909117874693056,0.5269154468915406,0.6407151666656881,OT,univariate target-only,fastdtw_rolling_origin_scaled_variation_diagnostics,results/h720_w6_timesfm_variation_diagnostics/ETTh1_DLinear_h720_origin11520.png,main,336
ETTh1,PatchTST,720,11520,0.11648434268821618,0.2765771304957744,0.08494441777064932,0.028482300295635993,0.7498939573048156,0.2878234593733532,0.6887785073543413,0.37283551486494504,OT,univariate target-only,fastdtw_rolling_origin_scaled_variation_diagnostics,results/h720_w6_timesfm_variation_diagnostics/ETTh1_PatchTST_h720_origin11520.png,main,336
ETTh1,TimeMixer,720,11520,0.09744296276732455,0.2593497831963424,0.08259167563241453,0.025588631282200836,0.6457345630089553,0.4373667373280196,0.4171010708486705,0.8744266864407814,OT,univariate target-only,fastdtw_rolling_origin_scaled_variation_diagnostics,results/h720_w6_timesfm_variation_diagnostics/ETTh1_TimeMixer_h720_origin11520.png,main,336
ETTh1,iTransformer,720,11520,0.14216383623275888,0.29308812841607707,0.14927387155441366,0.006025765163476087,0.5266092942315618,0.6412963635770361,0.32611559391255546,1.1205033472471424,OT,univariate target-only,fastdtw_rolling_origin_scaled_variation_diagnostics,results/h720_w6_timesfm_variation_diagnostics/ETTh1_iTransformer_h720_origin11520.png,main,336
ETTh1,Chronos-2,720,12240,0.11354946238579992,0.28932316170798406,0.16730279613010438,0.009958084206902935,0.2904078760758436,1.2364688404916586,0.38164751772627054,0.9632577986146051,OT,univariate target-only,fastdtw_rolling_origin_scaled_variation_diagnostics,,main,336
ETTh1,TimesFM,720,12240,0.032358627871975264,0.1423535263372792,0.07698043769439765,0.009831054367420518,0.22475131686754365,1.4927607018990308,0.3027910915685088,1.1947121450088154,OT,univariate target-only,fastdtw_rolling_origin_scaled_variation_diagnostics,,main,336
ETTh1,DLinear,720,12240,0.03870340343166535,0.15609965746667676,0.060583583919509486,0.02382534514659835,0.8413522984907087,0.17274479056988915,0.45164704208443385,0.7948542623987648,OT,univariate target-only,fastdtw_rolling_origin_scaled_variation_diagnostics,,main,336
ETTh1,PatchTST,720,12240,0.0677193880562795,0.20649576285964386,0.05691198489451418,0.013216665151131774,0.7054044591681699,0.34898392554932006,0.7230103438939431,0.3243317361874025,OT,univariate target-only,fastdtw_rolling_origin_scaled_variation_diagnostics,,main,336
ETTh1,TimeMixer,720,12240,0.04959111067860014,0.1832944464116573,0.06615946663977144,0.02690687160878257,0.8512191206135769,0.16108568577234048,0.5870368201721308,0.5326677180692698,OT,univariate target-only,fastdtw_rolling_origin_scaled_variation_diagnostics,,main,336
ETTh1,iTransformer,720,12240,0.0341918370701051,0.14626028023503276,0.06937282273875907,0.005628546622174822,0.5303146614481008,0.6342847289043891,0.21638132289045214,1.5307129977895049,OT,univariate target-only,fastdtw_rolling_origin_scaled_variation_diagnostics,,main,336
ETTh1,Chronos-2,720,12960,0.07614559136125425,0.19894748462571038,0.08314859946701483,0.03147875864352109,0.42800230109360643,0.848626683663502,0.47284936119134385,0.7489783953484138,OT,univariate target-only,fastdtw_rolling_origin_scaled_variation_diagnostics,,main,336
ETTh1,TimesFM,720,12960,0.07585731822359833,0.20585911588536368,0.08369448492603918,0.022570393792952035,0.359865311780355,1.022025423692831,0.48324772546582406,0.7272258469557388,OT,univariate target-only,fastdtw_rolling_origin_scaled_variation_diagnostics,,main,336
ETTh1,DLinear,720,12960,0.06600098912970725,0.19291863900291442,0.07784548606530557,0.0454370091251792,0.7656675861261805,0.2670071510400126,0.4750494190395826,0.744336419225517,OT,univariate target-only,fastdtw_rolling_origin_scaled_variation_diagnostics,,main,336
ETTh1,PatchTST,720,12960,0.13916393876887515,0.2988620195364734,0.11396743979282659,0.028289310856367076,0.611387546754365,0.4920242217862133,0.51537973696562,0.6628512772953422,OT,univariate target-only,fastdtw_rolling_origin_scaled_variation_diagnostics,,main,336
ETTh1,TimeMixer,720,12960,0.07574416260960075,0.20329500625134014,0.079776987718652,0.11525386631821577,0.5839090897874334,0.538009959317707,0.38406619654506147,0.956940328378038,OT,univariate target-only,fastdtw_rolling_origin_scaled_variation_diagnostics,,main,336
ETTh1,iTransformer,720,12960,0.06416540713436279,0.1890101278583278,0.0914344531919832,0.010335144715027528,0.33338848526170106,1.0984468165742687,0.3482075670158859,1.054956491356701,OT,univariate target-only,fastdtw_rolling_origin_scaled_variation_diagnostics,,main,336
ETTh1,Chronos-2,720,13680,0.14963830679038204,0.3284046585361163,0.19356444182203097,0.0386194069279911,0.10671609653470603,2.2375831804759776,0.09509415178236207,2.352887701616389,OT,univariate target-only,fastdtw_rolling_origin_scaled_variation_diagnostics,,main,336
ETTh1,TimesFM,720,13680,0.05799700777495779,0.1884149409002728,0.1309996381646297,0.0056982194583586315,0.034114933161899896,3.3780197747897156,0.11933063283694086,2.1258571275628677,OT,univariate target-only,fastdtw_rolling_origin_scaled_variation_diagnostics,,main,336
ETTh1,DLinear,720,13680,0.10415996222259384,0.25842519322516444,0.13839822691747913,0.005080209357587676,0.9107574591965246,0.09347864197801305,0.3007248348045424,1.2015595691731544,OT,univariate target-only,fastdtw_rolling_origin_scaled_variation_diagnostics,,main,336
ETTh1,PatchTST,720,13680,0.15333125016858792,0.3216435076105831,0.1900891647109769,0.006695072782490313,0.45856901931735417,0.7796444439453066,0.2824796118789279,1.2641488659393396,OT,univariate target-only,fastdtw_rolling_origin_scaled_variation_diagnostics,,main,336
ETTh1,TimeMixer,720,13680,0.28806789707196767,0.4951820811528282,0.2863995143866758,0.0571857840541067,0.5529182427350328,0.5925451134592785,0.2725457999574497,1.2999485690721349,OT,univariate target-only,fastdtw_rolling_origin_scaled_variation_diagnostics,,main,336
ETTh1,iTransformer,720,13680,0.08707846435182098,0.2236854926918659,0.1559669265212307,0.013105351714816062,0.28492158274776724,1.2555412497297849,0.14281280774421168,1.946220472991324,OT,univariate target-only,fastdtw_rolling_origin_scaled_variation_diagnostics,,main,336
ETTm1,Chronos-2,720,46080,0.03456412728737482,0.14571817049549685,0.08273190468633208,0.01040206308860993,0.16455505397532233,1.8045100293758158,0.2940218829530158,1.2241010485893131,OT,univariate target-only,fastdtw_rolling_origin_scaled_variation_diagnostics,results/h720_w6_timesfm_variation_diagnostics/ETTm1_Chronos-2_h720_origin46080.png,main,336
ETTm1,TimesFM,720,46080,0.03738482955789563,0.1526447261787123,0.09714807380486086,0.002046172898974761,0.0673636906831777,2.6976489716738716,0.11642500759854485,2.150507838955925,OT,univariate target-only,fastdtw_rolling_origin_scaled_variation_diagnostics,results/h720_w6_timesfm_variation_diagnostics/ETTm1_TimesFM_h720_origin46080.png,main,336
ETTm1,DLinear,720,46080,0.027205555875973723,0.13165211971800536,0.05356642808931183,0.005825982869696479,1.2332107843976055,0.20962117015211182,0.5227558880378086,0.6486406580248317,OT,univariate target-only,fastdtw_rolling_origin_scaled_variation_diagnostics,results/h720_w6_timesfm_variation_diagnostics/ETTm1_DLinear_h720_origin46080.png,main,336
ETTm1,PatchTST,720,46080,0.03438949865281763,0.15349028947455884,0.07073614893270053,0.07705159148089637,0.6096773514402161,0.49482537741179217,0.49747327928086027,0.6982134137125613,OT,univariate target-only,fastdtw_rolling_origin_scaled_variation_diagnostics,results/h720_w6_timesfm_variation_diagnostics/ETTm1_PatchTST_h720_origin46080.png,main,336
ETTm1,TimeMixer,720,46080,0.032511947792138354,0.14750041213540174,0.06285404719935467,0.013236397652162292,0.5725330649616255,0.5576847723637951,0.49512208322665174,0.702950893844158,OT,univariate target-only,fastdtw_rolling_origin_scaled_variation_diagnostics,results/h720_w6_timesfm_variation_diagnostics/ETTm1_TimeMixer_h720_origin46080.png,main,336
ETTm1,iTransformer,720,46080,0.029924392172477627,0.14180829640573123,0.060965804697289974,0.0006072795112464062,0.31817881697212924,1.1451417052919284,0.44647628150109403,0.8063689786171435,OT,univariate target-only,fastdtw_rolling_origin_scaled_variation_diagnostics,results/h720_w6_timesfm_variation_diagnostics/ETTm1_iTransformer_h720_origin46080.png,main,336
ETTm1,Chronos-2,720,48240,0.1821477708571548,0.3829320665034983,0.24460339161084138,0.0505883468479248,0.14641397575272788,1.9213171509198625,0.2277140729041039,1.479664459322111,OT,univariate target-only,fastdtw_rolling_origin_scaled_variation_diagnostics,,main,336
ETTm1,TimesFM,720,48240,0.2901047010650215,0.496480761302842,0.4869894237544296,1.350834258418273e-06,0.01521685579755146,4.1853508743278764,0.01791357095714484,4.022196141122745,OT,univariate target-only,fastdtw_rolling_origin_scaled_variation_diagnostics,,main,336
ETTm1,DLinear,720,48240,0.23868760327075478,0.449209295467853,0.33296304249937747,0.020622268655085763,1.2886978466917325,0.2536322951555002,0.5416953016293985,0.6130515912765455,OT,univariate target-only,fastdtw_rolling_origin_scaled_variation_diagnostics,,main,336
ETTm1,PatchTST,720,48240,0.23142966681571794,0.4396969300708866,0.3485493775580719,0.004357120747200689,0.8315127006284841,0.18450869408176393,0.4369044051732349,0.8280408373920486,OT,univariate target-only,fastdtw_rolling_origin_scaled_variation_diagnostics,,main,336
ETTm1,TimeMixer,720,48240,0.2795790688437043,0.4852114340191373,0.35492782631321185,0.03895804778874269,0.5632512613707454,0.5740294424672788,0.4504921481888497,0.7974146089912404,OT,univariate target-only,fastdtw_rolling_origin_scaled_variation_diagnostics,,main,336
ETTm1,iTransformer,720,48240,0.22471933524076843,0.4308429623503709,0.2509144019681076,0.10521990394729558,0.3874577442716643,0.9481484573663969,0.6867909192711515,0.3757253572808151,OT,univariate target-only,fastdtw_rolling_origin_scaled_variation_diagnostics,,main,336
ETTm1,Chronos-2,720,50400,0.036124876529205964,0.15651157514916525,0.07151116747153949,0.026654985241734316,0.17590206898254818,1.737827808192221,0.46158395405876956,0.7730913042990368,OT,univariate target-only,fastdtw_rolling_origin_scaled_variation_diagnostics,,main,336
ETTm1,TimesFM,720,50400,0.03562390856868173,0.15989222642448214,0.08058744984814245,0.009259214743589744,0.1123291099980012,2.1863221454374977,0.4003723628238505,0.9153602328630402,OT,univariate target-only,fastdtw_rolling_origin_scaled_variation_diagnostics,,main,336
ETTm1,DLinear,720,50400,0.051095918009632584,0.18896386166212883,0.11049937910009602,0.0021382706487071755,0.9397814469601703,0.062107923344244115,0.5074057443498963,0.6784442910261259,OT,univariate target-only,fastdtw_rolling_origin_scaled_variation_diagnostics,,main,336
ETTm1,PatchTST,720,50400,0.05611009523366636,0.1941292247668551,0.1194667929848996,0.009348115797785463,0.49671293004591377,0.6997430051729203,0.514340703157031,0.6648693670613812,OT,univariate target-only,fastdtw_rolling_origin_scaled_variation_diagnostics,,main,336
ETTm1,TimeMixer,720,50400,0.055908042032057466,0.19394469531448644,0.10280866991080251,0.010389956470743714,0.4367285399579821,0.8284434440349925,0.49034854041745723,0.7126388133683115,OT,univariate target-only,fastdtw_rolling_origin_scaled_variation_diagnostics,,main,336
ETTm1,iTransformer,720,50400,0.04178235676150398,0.1712946377132721,0.08234302620210658,0.01832339038572518,0.27438607102127516,1.2932191095580958,0.5958371516534596,0.5177878679500656,OT,univariate target-only,fastdtw_rolling_origin_scaled_variation_diagnostics,,main,336
ETTm1,Chronos-2,720,52560,0.10810836202112498,0.25310654309060837,0.18016809498270353,0.0074738980516975305,0.18377893732904174,1.694021616812179,0.0772974016460892,2.5600948084760398,OT,univariate target-only,fastdtw_rolling_origin_scaled_variation_diagnostics,,main,336
ETTm1,TimesFM,720,52560,0.2717912106973281,0.44072729779614345,0.25777146857399724,0.006208170208799404,0.0905765726866979,2.4015595685838798,0.20804294095409184,1.5700107256263758,OT,univariate target-only,fastdtw_rolling_origin_scaled_variation_diagnostics,,main,336
ETTm1,DLinear,720,52560,0.1474395509375772,0.290054520029629,0.2125999854720287,0.0017445958954881201,1.6487168854500498,0.4999973462731624,0.5347030392628093,0.6260437342892526,OT,univariate target-only,fastdtw_rolling_origin_scaled_variation_diagnostics,,main,336
ETTm1,PatchTST,720,52560,0.10956198388237255,0.2553310034278031,0.15408912912296013,0.01473304838747897,0.7779265382112122,0.25112317030032116,0.3768277298832246,0.9759671193420987,OT,univariate target-only,fastdtw_rolling_origin_scaled_variation_diagnostics,,main,336
ETTm1,TimeMixer,720,52560,0.17123194351236698,0.31348625138741115,0.22407497010294095,0.005627524285508555,0.84885577900428,0.16386596692866334,0.41593006978460845,0.8772381102883149,OT,univariate target-only,fastdtw_rolling_origin_scaled_variation_diagnostics,,main,336
ETTm1,iTransformer,720,52560,0.19997714921228235,0.35629235859332326,0.25346861272278404,0.009886028374726125,0.43865784212120057,0.8240355499155012,0.2762559138859848,1.2864275824489255,OT,univariate target-only,fastdtw_rolling_origin_scaled_variation_diagnostics,,main,336
ETTm1,Chronos-2,720,54720,0.4711042808136488,0.6311743343869846,0.589816563771202,0.0007909878750662235,0.13036983040707556,2.0373799414619493,0.05903884947822904,2.829559416657184,OT,univariate target-only,fastdtw_rolling_origin_scaled_variation_diagnostics,,main,336
ETTm1,TimesFM,720,54720,0.40698219240567285,0.582433299223582,0.5026302578662845,0.002541069747107883,0.035648771648884484,3.3340403080526815,0.08086335349070899,2.514994419162831,OT,univariate target-only,fastdtw_rolling_origin_scaled_variation_diagnostics,,main,336
ETTm1,DLinear,720,54720,0.3035247897146376,0.49310069276630036,0.3953232025719521,0.004191523559314794,1.130778115150058,0.1229060020711816,0.40279989052162946,0.9093153651049166,OT,univariate target-only,fastdtw_rolling_origin_scaled_variation_diagnostics,,main,336
ETTm1,PatchTST,720,54720,0.373568788794938,0.546208492083984,0.421488991952229,0.009043586686945918,0.6678494672428131,0.40369246430573436,0.5261397825879836,0.6421883361773942,OT,univariate target-only,fastdtw_rolling_origin_scaled_variation_diagnostics,,main,336
ETTm1,TimeMixer,720,54720,0.35320764977668373,0.5360790000847993,0.4112834066945897,0.00818992836202981,0.48500301821922376,0.7236001443131692,0.3872548085005599,0.9486723568947597,OT,univariate target-only,fastdtw_rolling_origin_scaled_variation_diagnostics,,main,336
ETTm1,iTransformer,720,54720,0.27161983453007565,0.4627722954968512,0.2680523514397804,0.11930721943492685,0.3090020909368128,1.1744072029592443,0.6251264175314145,0.4698013656521321,OT,univariate target-only,fastdtw_rolling_origin_scaled_variation_diagnostics,,main,336
ETTm1,Chronos-2,720,56880,0.040138249272630704,0.1672679666015837,0.13360663182394844,0.0040335692239858905,0.0733862727864669,2.6120182438446364,0.045039255160390895,3.1002206105504295,OT,univariate target-only,fastdtw_rolling_origin_scaled_variation_diagnostics,,main,336
ETTm1,TimesFM,720,56880,0.034642798378938286,0.15219397693872452,0.09305841026415351,0.033432618567995474,0.02720027546445677,3.6045278107184644,0.05065617085000037,2.9826940251303937,OT,univariate target-only,fastdtw_rolling_origin_scaled_variation_diagnostics,,main,336
ETTm1,DLinear,720,56880,0.03309421810225695,0.14663152101954727,0.07687419240065388,0.005116047668038409,1.4970601225965772,0.4035032733659377,0.4538722531040053,0.7899394793313531,OT,univariate target-only,fastdtw_rolling_origin_scaled_variation_diagnostics,,main,336
ETTm1,PatchTST,720,56880,0.02815639973985827,0.1370231631816896,0.0782276489180741,0.003542685337225567,0.7340660966899779,0.30915619081278073,0.32631653593415866,1.1198873689327566,OT,univariate target-only,fastdtw_rolling_origin_scaled_variation_diagnostics,,main,336
ETTm1,TimeMixer,720,56880,0.05409820750050916,0.19646603718221986,0.09887438532593261,0.01675115057904512,0.6076366716267315,0.49817813874189415,0.40833215161298564,0.8956743141947553,OT,univariate target-only,fastdtw_rolling_origin_scaled_variation_diagnostics,,main,336
ETTm1,iTransformer,720,56880,0.036466847149879,0.15779686822609365,0.09472698209054853,0.003917432358923419,0.31650742673714,1.1504085408741413,0.192852067390189,1.6458318223341217,OT,univariate target-only,fastdtw_rolling_origin_scaled_variation_diagnostics,,main,336
ETTm2,Chronos-2,720,46080,0.05325383108010014,0.1833827983767454,0.07050757456489655,0.0002262233671843887,0.8298030100879032,0.18656693155287127,0.81473492585424,0.20489245072138457,OT,univariate target-only,fastdtw_rolling_origin_scaled_variation_diagnostics,results/h720_w6_timesfm_variation_diagnostics/ETTm2_Chronos-2_h720_origin46080.png,main,336
ETTm2,TimesFM,720,46080,0.0727716331780603,0.21758843281616766,0.15758213858432826,0.02203398682979008,0.7021212313990043,0.3536491813231396,0.7265358303323229,0.3194674643155038,OT,univariate target-only,fastdtw_rolling_origin_scaled_variation_diagnostics,results/h720_w6_timesfm_variation_diagnostics/ETTm2_TimesFM_h720_origin46080.png,main,336
ETTm2,DLinear,720,46080,0.06015635766375836,0.19555509707569313,0.08112505149167339,0.0001945044002335669,2.0560456334380333,0.7207845474622746,0.7443643366115459,0.29522465083185334,OT,univariate target-only,fastdtw_rolling_origin_scaled_variation_diagnostics,results/h720_w6_timesfm_variation_diagnostics/ETTm2_DLinear_h720_origin46080.png,main,336
ETTm2,PatchTST,720,46080,0.07103210087336635,0.218064533366759,0.10129247565407393,0.009093683558280769,1.2012163652947077,0.18333468948059373,0.7851464699360444,0.24188497996244765,OT,univariate target-only,fastdtw_rolling_origin_scaled_variation_diagnostics,results/h720_w6_timesfm_variation_diagnostics/ETTm2_PatchTST_h720_origin46080.png,main,336
ETTm2,TimeMixer,720,46080,0.037995787124692544,0.15301916748623626,0.05500220057620408,0.00011346343449931413,1.5343583279969815,0.42811227279521724,0.8207932858312987,0.1974839724458472,OT,univariate target-only,fastdtw_rolling_origin_scaled_variation_diagnostics,results/h720_w6_timesfm_variation_diagnostics/ETTm2_TimeMixer_h720_origin46080.png,main,336
ETTm2,iTransformer,720,46080,0.07995686786838048,0.23017045677647496,0.12226622609999697,0.00749437371399177,1.356510055728484,0.3049152734567966,0.7156393636569217,0.3345789069817887,OT,univariate target-only,fastdtw_rolling_origin_scaled_variation_diagnostics,results/h720_w6_timesfm_variation_diagnostics/ETTm2_iTransformer_h720_origin46080.png,main,336
ETTm2,Chronos-2,720,48240,0.43968589663329827,0.566340419516281,0.21940412135939855,0.055800147755467516,1.4061381093510394,0.3408470242329683,1.2061873804029069,0.1874644679947859,OT,univariate target-only,fastdtw_rolling_origin_scaled_variation_diagnostics,,main,336
ETTm2,TimesFM,720,48240,0.3612859929018701,0.5059477191871136,0.24913281280802432,0.0489526695609856,0.7839743341379116,0.24337898348106943,0.7475098935320917,0.2910077249326975,OT,univariate target-only,fastdtw_rolling_origin_scaled_variation_diagnostics,,main,336
ETTm2,DLinear,720,48240,0.33918755262738004,0.4966330383888042,0.24911939689533122,0.05610829974814394,2.5920300444793694,0.952441373515155,0.7179086657986028,0.33141291050461696,OT,univariate target-only,fastdtw_rolling_origin_scaled_variation_diagnostics,,main,336
ETTm2,PatchTST,720,48240,0.4045994268444711,0.5513610464752986,0.23877077270063138,0.06313886099955376,1.834200254534055,0.6066085633658208,0.9160143073678746,0.08772328411588524,OT,univariate target-only,fastdtw_rolling_origin_scaled_variation_diagnostics,,main,336
ETTm2,TimeMixer,720,48240,0.44158535043799674,0.572441995808518,0.36548429930818577,0.052307291475864263,1.6326437648188257,0.4902006486236094,0.9193783082609402,0.08405757837563745,OT,univariate target-only,fastdtw_rolling_origin_scaled_variation_diagnostics,,main,336
ETTm2,iTransformer,720,48240,0.33217888207134944,0.49281410593921,0.2767924619672245,0.02050554508724058,0.8872662697620658,0.11961013906137785,0.6411637628406198,0.44447035884377256,OT,univariate target-only,fastdtw_rolling_origin_scaled_variation_diagnostics,,main,336
ETTm2,Chronos-2,720,50400,0.07672739667806597,0.20350048986987934,0.09089787282867928,0.0003985287471157734,0.5582781463396242,0.5828979527408837,0.521066173829634,0.6518782129941292,OT,univariate target-only,fastdtw_rolling_origin_scaled_variation_diagnostics,,main,336
ETTm2,TimesFM,720,50400,0.0676613725381195,0.19964871942583057,0.08300523337245098,0.0005115347359364353,0.5471802208699325,0.6029770411225969,0.5272948588881906,0.6399953634086841,OT,univariate target-only,fastdtw_rolling_origin_scaled_variation_diagnostics,,main,336
ETTm2,DLinear,720,50400,0.05746928731513045,0.18711036018508043,0.06408668361120673,0.0004477779843259448,1.7379105698412038,0.5526835754857721,0.8156615097309531,0.20375581432439457,OT,univariate target-only,fastdtw_rolling_origin_scaled_variation_diagnostics,,main,336
ETTm2,PatchTST,720,50400,0.055894070200528806,0.1837236023897028,0.06600413636572412,0.0005142716977404175,1.4701422430190034,0.38535916686988364,0.8537156012441164,0.15815714856388485,OT,univariate target-only,fastdtw_rolling_origin_scaled_variation_diagnostics,,main,336
ETTm2,TimeMixer,720,50400,0.057639124525023296,0.18809931309703412,0.06347960107408221,0.0004283933286313657,1.53038704659631,0.42552068157828604,0.8578801297170149,0.15329088655226775,OT,univariate target-only,fastdtw_rolling_origin_scaled_variation_diagnostics,,main,336
ETTm2,iTransformer,720,50400,0.05698177632761774,0.18370980392146885,0.0678290365333357,0.0004469493648237609,1.0894842435603145,0.08570442239337958,0.778266248227455,0.25068657912699943,OT,univariate target-only,fastdtw_rolling_origin_scaled_variation_diagnostics,,main,336
ETTm2,Chronos-2,720,52560,0.3400712902602907,0.4976899435122808,0.39381868492912603,0.009719913055416527,0.17515569177869786,1.7420799761791042,0.045199135661465197,3.096677093617601,OT,univariate target-only,fastdtw_rolling_origin_scaled_variation_diagnostics,,main,336
ETTm2,TimesFM,720,52560,0.2603404151414096,0.43905942423476113,0.3231897893225312,0.008172469676417394,0.1097166832273455,2.2098537516521235,0.06385838201981174,2.751087271783708,OT,univariate target-only,fastdtw_rolling_origin_scaled_variation_diagnostics,,main,336
ETTm2,DLinear,720,52560,0.339490269688095,0.5037383313703746,0.26139048009031296,0.018884523858297825,4.582838544006962,1.5223185777642234,0.691756171210121,0.3685217247422723,OT,univariate target-only,fastdtw_rolling_origin_scaled_variation_diagnostics,,main,336
ETTm2,PatchTST,720,52560,0.17360000168952494,0.36919789967704764,0.16428385380563085,0.009683187127613901,2.1818112175263233,0.7801553701607269,0.4736286970562326,0.7473315826880275,OT,univariate target-only,fastdtw_rolling_origin_scaled_variation_diagnostics,,main,336
ETTm2,TimeMixer,720,52560,0.3011156280298775,0.4774993337661023,0.27620430788635913,0.007103926795057139,1.7880242655083198,0.5811112535653762,0.6216189005234269,0.4754280580564637,OT,univariate target-only,fastdtw_rolling_origin_scaled_variation_diagnostics,,main,336
ETTm2,iTransformer,720,52560,0.4575014771488279,0.5863985432591093,0.3930556612432711,0.007039544174960842,1.6646490901620876,0.5096143505679667,0.9242360991255916,0.07878771062581752,OT,univariate target-only,fastdtw_rolling_origin_scaled_variation_diagnostics,,main,336
ETTm2,Chronos-2,720,54720,0.617704005354727,0.7193524408671591,0.6721578528703891,5.9223445522880556e-05,0.18090653432745304,1.7097747107429635,0.18495029631488796,1.6876681045012718,OT,univariate target-only,fastdtw_rolling_origin_scaled_variation_diagnostics,,main,336
ETTm2,TimesFM,720,54720,0.6021254981431983,0.7105025971929232,0.659293205976177,7.413562232790508e-05,0.15767801602116555,1.8472001351076786,0.23224907855603907,1.4599448257047634,OT,univariate target-only,fastdtw_rolling_origin_scaled_variation_diagnostics,,main,336
ETTm2,DLinear,720,54720,0.5915128915062388,0.7003833128545546,0.6162562723787403,0.00017517918062630991,4.553224366189399,1.5158356360936607,0.7719714329543348,0.25880772063333873,OT,univariate target-only,fastdtw_rolling_origin_scaled_variation_diagnostics,,main,336
ETTm2,PatchTST,720,54720,0.5471302469158711,0.6689407826744038,0.5977405422034494,0.00010349781313977294,1.830495349218889,0.6045866183216698,0.7842767095158765,0.24299336234078162,OT,univariate target-only,fastdtw_rolling_origin_scaled_variation_diagnostics,,main,336
ETTm2,TimeMixer,720,54720,0.558938122507924,0.6704285417626171,0.5239756025549549,0.004784299779295124,1.804404579006741,0.5902306697802713,0.7856633066231814,0.24122692867333598,OT,univariate target-only,fastdtw_rolling_origin_scaled_variation_diagnostics,,main,336
ETTm2,iTransformer,720,54720,0.630741420346078,0.7235048781539397,0.5791242939333971,0.004295575869236583,1.438387099879601,0.36352242326542145,0.8551090033343769,0.15652631719705595,OT,univariate target-only,fastdtw_rolling_origin_scaled_variation_diagnostics,,main,336
ETTm2,Chronos-2,720,56880,0.46629949006884946,0.5399150979342974,0.27458961943611304,0.01238179469901168,3.3873161800935137,1.2200379235066185,2.947966399871533,1.081115580053062,OT,univariate target-only,fastdtw_rolling_origin_scaled_variation_diagnostics,,main,336
ETTm2,TimesFM,720,56880,0.32292240358129276,0.441065586441093,0.20211338277796317,0.008039208080958527,2.5939425082569576,0.9531789261487105,2.376915554205688,0.8658036657470044,OT,univariate target-only,fastdtw_rolling_origin_scaled_variation_diagnostics,,main,336
ETTm2,DLinear,720,56880,0.1435937050632215,0.3193974658940964,0.1467465829999692,0.0008432639751017312,4.6705717983893225,1.5412815070952037,1.4261620651410098,0.35498697271524987,OT,univariate target-only,fastdtw_rolling_origin_scaled_variation_diagnostics,,main,336
ETTm2,PatchTST,720,56880,0.1521645375751111,0.3062601282114482,0.14464877338018217,0.0006204909797464769,2.84513712363148,1.0456112680445697,1.692397290406897,0.5261460447354037,OT,univariate target-only,fastdtw_rolling_origin_scaled_variation_diagnostics,,main,336
ETTm2,TimeMixer,720,56880,0.18221632352139794,0.32763314912575725,0.15660315286783738,0.007356444841023519,3.316419253311304,1.1988856657436315,1.7581247418107273,0.5642477590949511,OT,univariate target-only,fastdtw_rolling_origin_scaled_variation_diagnostics,,main,336
ETTm2,iTransformer,720,56880,0.09880839067394302,0.2515559505934962,0.11282365490257037,0.008171682842122791,2.2805414016649523,0.8244128760334457,1.2770910907720592,0.24458491418639572,OT,univariate target-only,fastdtw_rolling_origin_scaled_variation_diagnostics,,main,336
Weather,Chronos-2,720,42063,0.0007114043397304916,0.022547166644421343,0.014599091160486813,0.025473459989642486,0.08367363299421514,2.4808312495936042,0.125178476355555,2.078014669302137,OT,univariate target-only,fastdtw_rolling_origin_scaled_variation_diagnostics,results/h720_w6_timesfm_variation_diagnostics/Weather_Chronos-2_h720_origin42063.png,main,336
Weather,TimesFM,720,42063,0.0006387508273252295,0.020972299733542362,0.016421605627717297,0.0063697721598002495,0.035724516097490396,3.3319178205448723,0.09225021324133016,2.38325057610421,OT,univariate target-only,fastdtw_rolling_origin_scaled_variation_diagnostics,results/h720_w6_timesfm_variation_diagnostics/Weather_TimesFM_h720_origin42063.png,main,336
Weather,DLinear,720,42063,0.0015330836421404966,0.03225848362391034,0.014223788532172729,0.0020495440572256213,1.3152372116549822,0.27401704605600447,0.2511592388043073,1.381668083645673,OT,univariate target-only,fastdtw_rolling_origin_scaled_variation_diagnostics,results/h720_w6_timesfm_variation_diagnostics/Weather_DLinear_h720_origin42063.png,main,336
Weather,PatchTST,720,42063,0.0012010939664165784,0.02864573855535197,0.010798077224917832,0.008823167778867685,0.8631583291710714,0.14715712944310583,0.4220656444250825,0.8625943978409583,OT,univariate target-only,fastdtw_rolling_origin_scaled_variation_diagnostics,results/h720_w6_timesfm_variation_diagnostics/Weather_PatchTST_h720_origin42063.png,main,336
Weather,TimeMixer,720,42063,0.0009167771205313252,0.024800726449747262,0.012949593913936396,0.0010574055795784503,0.844955341152866,0.1684714918933335,0.18478958700885867,1.688537414601184,OT,univariate target-only,fastdtw_rolling_origin_scaled_variation_diagnostics,results/h720_w6_timesfm_variation_diagnostics/Weather_TimeMixer_h720_origin42063.png,main,336
Weather,iTransformer,720,42063,0.0010609163879197355,0.026775464617736895,0.020353696607013656,0.0009634738905572238,0.38201406987350683,0.962297812747203,0.056354466529248075,2.8760936001388298,OT,univariate target-only,fastdtw_rolling_origin_scaled_variation_diagnostics,results/h720_w6_timesfm_variation_diagnostics/Weather_iTransformer_h720_origin42063.png,main,336
Weather,Chronos-2,720,44223,0.0036596305569811735,0.04636054420390994,0.02960518831464486,0.04715892783927839,0.03352236412635621,3.3955421787177813,0.027175001948471302,3.605457406288804,OT,univariate target-only,fastdtw_rolling_origin_scaled_variation_diagnostics,,main,336
Weather,TimesFM,720,44223,0.0031333971688317476,0.04477010772162531,0.025900582696962583,0.04307851044458187,0.03363484191969757,3.3921924900801113,0.062216873107228746,2.777128883476063,OT,univariate target-only,fastdtw_rolling_origin_scaled_variation_diagnostics,,main,336
Weather,DLinear,720,44223,0.003639400767412667,0.04664735317843297,0.02765926012533045,0.0023617154647057504,1.158362006622966,0.1470069525942597,0.1819144164710949,1.7042188867013581,OT,univariate target-only,fastdtw_rolling_origin_scaled_variation_diagnostics,,main,336
Weather,PatchTST,720,44223,0.0033774506170097165,0.04462006789797506,0.02700348886525182,0.07166197599864123,0.20517527164055305,1.5838906327827513,0.05803591158426218,2.8466931224864416,OT,univariate target-only,fastdtw_rolling_origin_scaled_variation_diagnostics,,main,336
Weather,TimeMixer,720,44223,0.002896825092346112,0.04208561622457825,0.026051718295937634,0.006634482713735291,0.8193979809555374,0.19918536572063006,0.1468278418874455,1.9184944540438504,OT,univariate target-only,fastdtw_rolling_origin_scaled_variation_diagnostics,,main,336
Weather,iTransformer,720,44223,0.002692978651134111,0.04097294584615528,0.031745810467320876,0.0015745605389778424,0.2799491482509563,1.2731472699752655,0.045633485262865266,3.08711328686984,OT,univariate target-only,fastdtw_rolling_origin_scaled_variation_diagnostics,,main,336
Weather,Chronos-2,720,45663,0.02795988680428179,0.16330426652372504,0.16330426652372504,0.0,0.7781796860084154,0.25079780974042787,0.814289118860104,0.20543978088663092,OT,univariate target-only,fastdtw_rolling_origin_scaled_variation_diagnostics,,main,336
Weather,TimesFM,720,45663,0.0025598663192889543,0.04434961797022778,0.029929090481104374,0.00618221075931855,0.11419252111105833,2.169869385728632,0.14528055980491084,1.929088442021545,OT,univariate target-only,fastdtw_rolling_origin_scaled_variation_diagnostics,,main,336
Weather,DLinear,720,45663,0.005340482232895564,0.06809358429081885,0.053705282665631696,0.0022569556466067306,5.750116288617987,1.7492200804513258,0.6971577105449466,0.36074360896371827,OT,univariate target-only,fastdtw_rolling_origin_scaled_variation_diagnostics,,main,336
Weather,PatchTST,720,45663,0.009006669074510063,0.09047667132006786,0.08169781723478815,0.00021412037037037038,1.107176275589376,0.10181288728969502,0.5820331146687944,0.5412279176318315,OT,univariate target-only,fastdtw_rolling_origin_scaled_variation_diagnostics,,main,336
Weather,TimeMixer,720,45663,0.008966487641474523,0.09021684544002506,0.06647668729330111,0.027359976026335654,5.498974771992892,1.704561671589156,0.6611508401667775,0.41377325008921834,OT,univariate target-only,fastdtw_rolling_origin_scaled_variation_diagnostics,,main,336
Weather,iTransformer,720,45663,0.009114526368689226,0.09080424846065807,0.0840878165971262,0.0013730087614496217,0.8591858149928785,0.1517700532769453,0.10004288153058531,2.3021562696460687,OT,univariate target-only,fastdtw_rolling_origin_scaled_variation_diagnostics,,main,336
Weather,Chronos-2,720,47823,0.0040361432263724545,0.055765193874119885,0.026314302212951415,0.06226871772805508,0.25670939194585113,1.3598105655745532,0.18571093287578969,1.6835638846494163,OT,univariate target-only,fastdtw_rolling_origin_scaled_variation_diagnostics,,main,336
Weather,TimesFM,720,47823,0.0020541057292094633,0.04032816314397173,0.018073459748802215,0.0928422674672149,0.07890694280841765,2.539485933233113,0.12446826093180327,2.08370444751104,OT,univariate target-only,fastdtw_rolling_origin_scaled_variation_diagnostics,,main,336
Weather,DLinear,720,47823,0.001842870015845427,0.037207458075932315,0.014842296379483876,0.030194521927785524,2.9103034131651153,1.068257344876659,0.5361993929287755,0.6232491667042559,OT,univariate target-only,fastdtw_rolling_origin_scaled_variation_diagnostics,,main,336
Weather,PatchTST,720,47823,0.0024020122435092716,0.04239862358800099,0.020851821476099645,0.020135903430033752,0.6401221847552004,0.44609619154809876,0.540787924179505,0.6147280655608856,OT,univariate target-only,fastdtw_rolling_origin_scaled_variation_diagnostics,,main,336
Weather,TimeMixer,720,47823,0.0030395649740153677,0.04872173557399658,0.030887650954848297,0.008446933715754267,2.6206440588018127,0.9634201153492574,0.4599554851224596,0.7766255439133373,OT,univariate target-only,fastdtw_rolling_origin_scaled_variation_diagnostics,,main,336
Weather,iTransformer,720,47823,0.003127305086273478,0.049833103907314366,0.046915275121093905,0.00016712031366449565,0.554022405718731,0.5905501314672441,0.09344531998878589,2.370378719697003,OT,univariate target-only,fastdtw_rolling_origin_scaled_variation_diagnostics,,main,336
Weather,Chronos-2,720,49263,0.002129953616027402,0.03388029375217027,0.014078660318400802,0.08104031478972197,0.1855001635605411,1.6846994612987447,0.27771425956129137,1.281162501181142,OT,univariate target-only,fastdtw_rolling_origin_scaled_variation_diagnostics,,main,336
Weather,TimesFM,720,49263,0.0012269540567347711,0.02756276327288813,0.01081597840855173,0.056763880251520175,0.08197142438594957,2.5013844535566805,0.1188999445015493,2.1294728579469604,OT,univariate target-only,fastdtw_rolling_origin_scaled_variation_diagnostics,,main,336
Weather,DLinear,720,49263,0.0010705173086869074,0.024590730314964893,0.01028406544320746,0.03699965243303146,3.522354472346543,1.2591296530350495,0.6482414495537071,0.4334920292684183,OT,univariate target-only,fastdtw_rolling_origin_scaled_variation_diagnostics,,main,336
Weather,PatchTST,720,49263,0.001281011867757257,0.0267872307491671,0.010848700876906927,0.014325852545253587,0.7457115858360429,0.2934163542836891,0.5976776783138317,0.514703653087712,OT,univariate target-only,fastdtw_rolling_origin_scaled_variation_diagnostics,,main,336
Weather,TimeMixer,720,49263,0.0012507203587003625,0.029760222064680698,0.015535550204832342,0.01259557182650007,2.4032887463106847,0.8768381144584035,0.41295052484266986,0.8844274635508778,OT,univariate target-only,fastdtw_rolling_origin_scaled_variation_diagnostics,,main,336
Weather,iTransformer,720,49263,0.0012499504521633973,0.02981782005297504,0.017227501068726753,0.01172438633294753,1.6248924285406483,0.4854416219236423,0.2708354224018778,1.306243903069455,OT,univariate target-only,fastdtw_rolling_origin_scaled_variation_diagnostics,,main,336
Weather,Chronos-2,720,51423,0.0002249963974644463,0.013400007779192593,0.005026663493192354,0.014154118505232606,0.18334393200666096,1.6963914256069952,0.24670526447463398,1.3995608755593094,OT,univariate target-only,fastdtw_rolling_origin_scaled_variation_diagnostics,,main,336
Weather,TimesFM,720,51423,0.0009166295347947927,0.0269424410433405,0.017353412376928935,0.014411577980934521,0.12389658588258039,2.088307965441343,0.13244877444139938,2.02155924079655,OT,univariate target-only,fastdtw_rolling_origin_scaled_variation_diagnostics,,main,336
Weather,DLinear,720,51423,0.0004075228860039243,0.017555206836690873,0.004819057821423527,0.016588366368586585,4.283456578501184,1.4547602977846799,1.0166025530167013,0.0164662471928433,OT,univariate target-only,fastdtw_rolling_origin_scaled_variation_diagnostics,,main,336
Weather,PatchTST,720,51423,0.00065069153690893,0.023356821551498857,0.006992592181756967,0.017791909590663884,0.7669302845028177,0.26535936244514985,0.8822665615928966,0.1252610332731574,OT,univariate target-only,fastdtw_rolling_origin_scaled_variation_diagnostics,,main,336
Weather,TimeMixer,720,51423,0.0011398744170253324,0.031101879319464423,0.021196829015172496,0.005861522333084058,5.179711526178944,1.6447493667244149,1.0433653000210925,0.042451363996810675,OT,univariate target-only,fastdtw_rolling_origin_scaled_variation_diagnostics,,main,336
Weather,iTransformer,720,51423,0.0009494188796883188,0.028712348920670788,0.025753571886278064,7.25138791831664e-05,1.5011487204281773,0.40623063530288805,0.29861358566065693,1.2086048635650848,OT,univariate target-only,fastdtw_rolling_origin_scaled_variation_diagnostics,,main,336
ESNet,Chronos-2,4321,51808,1.3221661685062027,0.18779933051411143,0.16489010644467858,0.001289593516650182,0.001304779639074289,6.641713447312626,0.0008073002975146982,7.121802456145215,ifHCOutOctets_to_bps,univariate target-only,fastdtw_rolling_origin_scaled_variation_diagnostics,results/h720_w6_timesfm_variation_diagnostics/ESNet_Chronos-2_h4321_origin51808.png,main,336
ESNet,DLinear,4321,51808,1.3216419671063084,0.1862875756695606,0.13579843497263486,0.0028186051357990878,0.0033360275850346606,5.702971528051902,0.0008682499476206082,7.04901940931317,ifHCOutOctets_to_bps,univariate target-only,fastdtw_rolling_origin_scaled_variation_diagnostics,results/h720_w6_timesfm_variation_diagnostics/ESNet_DLinear_h4321_origin51808.png,main,336
ESNet,PatchTST,4321,51808,1.3253899000358658,0.19743680176004486,0.18051019896537007,1.4674245694481162e-05,0.04096578460856716,3.1950178383210908,0.010510079958619668,4.555419534794069,ifHCOutOctets_to_bps,univariate target-only,fastdtw_rolling_origin_scaled_variation_diagnostics,results/h720_w6_timesfm_variation_diagnostics/ESNet_PatchTST_h4321_origin51808.png,main,336
ESNet,TimeMixer,4321,51808,1.3056602522279588,0.2334783252470718,0.2249006991597802,0.00010455808622064496,0.04273528468102881,3.1527301268449603,0.011020477473272476,4.50799924091154,ifHCOutOctets_to_bps,univariate target-only,fastdtw_rolling_origin_scaled_variation_diagnostics,results/h720_w6_timesfm_variation_diagnostics/ESNet_TimeMixer_h4321_origin51808.png,main,336
ESNet,iTransformer,4321,51808,1.2902342298616656,0.3088471183962006,0.30194162665985075,0.00017051329113462364,0.036547281158793146,3.309148208835389,0.009533658258037456,4.652925718479582,ifHCOutOctets_to_bps,univariate target-only,fastdtw_rolling_origin_scaled_variation_diagnostics,results/h720_w6_timesfm_variation_diagnostics/ESNet_iTransformer_h4321_origin51808.png,main,336
ESNet,Chronos-2,4321,56129,1.6131793077684655,0.2242075211250604,0.22317442215766276,4.4097426137981505e-06,0.0010029431671154207,6.904806463898643,0.0005091911402347306,7.58266745201658,ifHCOutOctets_to_bps,univariate target-only,fastdtw_rolling_origin_scaled_variation_diagnostics,,main,336
ESNet,DLinear,4321,56129,1.6109692248238041,0.22025756650425102,0.16262108386509352,0.001970076202366281,0.0016163711975225802,6.427565457144748,0.00046768367258091543,7.667697022122504,ifHCOutOctets_to_bps,univariate target-only,fastdtw_rolling_origin_scaled_variation_diagnostics,,main,336
ESNet,PatchTST,4321,56129,1.608746576544508,0.22699389526822988,0.19259934771101375,0.0005416654899503146,0.019981991891126993,3.9129233160297874,0.005891222777403767,5.134290003150294,ifHCOutOctets_to_bps,univariate target-only,fastdtw_rolling_origin_scaled_variation_diagnostics,,main,336
ESNet,TimeMixer,4321,56129,1.601680981661559,0.24089505002806233,0.23357078827207095,2.0202379766422347e-05,0.016323112764248325,4.115172601901909,0.004671461945319324,5.366281065246605,ifHCOutOctets_to_bps,univariate target-only,fastdtw_rolling_origin_scaled_variation_diagnostics,,main,336
ESNet,iTransformer,4321,56129,1.6131220627084484,0.22647350865789875,0.21550333356764223,2.1809991507641233e-06,0.014506269265673883,4.233173670490817,0.004158525196830665,5.482592382862887,ifHCOutOctets_to_bps,univariate target-only,fastdtw_rolling_origin_scaled_variation_diagnostics,,main,336
ESNet,Chronos-2,4321,60450,1.5014870325782994,0.20778463691390242,0.1373061456704606,0.04403052701583149,0.0013511940131767436,6.606759222391655,0.0007582880241144045,7.184434077938737,ifHCOutOctets_to_bps,univariate target-only,fastdtw_rolling_origin_scaled_variation_diagnostics,,main,336
ESNet,DLinear,4321,60450,1.5005317286345037,0.20534260648281405,0.1587895688984456,0.0025890844689984913,0.003372476542882219,5.692104960140222,0.0008284434118106882,7.095949954651348,ifHCOutOctets_to_bps,univariate target-only,fastdtw_rolling_origin_scaled_variation_diagnostics,,main,336
ESNet,PatchTST,4321,60450,1.5039877681404819,0.21881940581494153,0.1942232148956117,0.00020093843943700686,0.05513332140747553,2.8980008199915717,0.013249487002813627,4.323795689322284,ifHCOutOctets_to_bps,univariate target-only,fastdtw_rolling_origin_scaled_variation_diagnostics,,main,336
ESNet,TimeMixer,4321,60450,1.4919222696854377,0.22520757060140567,0.21284806738524262,2.8616859731292493e-05,0.033172596987719113,3.4060308343657533,0.008175119822917519,4.806658681845707,ifHCOutOctets_to_bps,univariate target-only,fastdtw_rolling_origin_scaled_variation_diagnostics,,main,336
ESNet,iTransformer,4321,60450,1.469016916563259,0.3011776632063634,0.29860968235053775,6.5878772593608604e-06,0.04452730892160817,3.1116523698238403,0.010928776106768325,4.516355043641317,ifHCOutOctets_to_bps,univariate target-only,fastdtw_rolling_origin_scaled_variation_diagnostics,,main,336
